{
  "Default crafting rate percentage": 20.0,
  "Save commands to config (save config changes via command to the configuration)": true,
  "Simple Mode (better performance if you only want to use the crafting rate multiplier)": false,
  "Enable advanced options": false,
  "Allow crafting when inventory is full": false,
  "Complete crafting on server shut down": false,
  "Craft items with random skins if not already skinned": false,
  "Show Crafting Notes": false,
  "Advanced Crafting Options": {
    "hat.wolf": {
      "canCraft": true,
      "useCrafteRateMultiplier": true,
      "craftTime": 30.0,
      "defaultskinid": 0
    },
    "fogmachine": {
      "canCraft": true,
      "useCrafteRateMultiplier": true,
      "craftTime": 30.0,
      "defaultskinid": 0
    },
    "strobelight": {
      "canCraft": true,
      "useCrafteRateMultiplier": true,
      "craftTime": 30.0,
      "defaultskinid": 0
    },
    "kayak": {
      "canCraft": true,
      "useCrafteRateMultiplier": true,
      "craftTime": 30.0,
      "defaultskinid": 0
    },
    "arrow.hv": {
      "canCraft": true,
      "useCrafteRateMultiplier": true,
      "craftTime": 3.0,
      "defaultskinid": 0
    },
    "arrow.wooden": {
      "canCraft": true,
      "useCrafteRateMultiplier": true,
      "craftTime": 3.0,
      "defaultskinid": 0
    },
    "arrow.bone": {
      "canCraft": true,
      "useCrafteRateMultiplier": true,
      "craftTime": 3.0,
      "defaultskinid": 0
    },
    "arrow.fire": {
      "canCraft": true,
      "useCrafteRateMultiplier": true,
      "craftTime": 3.0,
      "defaultskinid": 0
    },
    "ammo.handmade.shell": {
      "canCraft": true,
      "useCrafteRateMultiplier": true,
      "craftTime": 3.0,
      "defaultskinid": 0
    },
    "ammo.nailgun.nails": {
      "canCraft": true,
      "useCrafteRateMultiplier": true,
      "craftTime": 2.0,
      "defaultskinid": 0
    },
    "ammo.pistol": {
      "canCraft": true,
      "useCrafteRateMultiplier": true,
      "craftTime": 3.0,
      "defaultskinid": 0
    },
    "ammo.pistol.fire": {
      "canCraft": true,
      "useCrafteRateMultiplier": true,
      "craftTime": 3.0,
      "defaultskinid": 0
    },
    "ammo.pistol.hv": {
      "canCraft": true,
      "useCrafteRateMultiplier": true,
      "craftTime": 3.0,
      "defaultskinid": 0
    },
    "ammo.rifle": {
      "canCraft": true,
      "useCrafteRateMultiplier": true,
      "craftTime": 3.0,
      "defaultskinid": 0
    },
    "ammo.rifle.explosive": {
      "canCraft": true,
      "useCrafteRateMultiplier": true,
      "craftTime": 3.0,
      "defaultskinid": 0
    },
    "ammo.rifle.incendiary": {
      "canCraft": true,
      "useCrafteRateMultiplier": true,
      "craftTime": 3.0,
      "defaultskinid": 0
    },
    "ammo.rifle.hv": {
      "canCraft": true,
      "useCrafteRateMultiplier": true,
      "craftTime": 3.0,
      "defaultskinid": 0
    },
    "ammo.rocket.basic": {
      "canCraft": true,
      "useCrafteRateMultiplier": true,
      "craftTime": 10.0,
      "defaultskinid": 0
    },
    "ammo.rocket.fire": {
      "canCraft": true,
      "useCrafteRateMultiplier": true,
      "craftTime": 10.0,
      "defaultskinid": 0
    },
    "ammo.rocket.hv": {
      "canCraft": true,
      "useCrafteRateMultiplier": true,
      "craftTime": 10.0,
      "defaultskinid": 0
    },
    "ammo.shotgun": {
      "canCraft": true,
      "useCrafteRateMultiplier": true,
      "craftTime": 3.0,
      "defaultskinid": 0
    },
    "ammo.shotgun.fire": {
      "canCraft": true,
      "useCrafteRateMultiplier": true,
      "craftTime": 3.0,
      "defaultskinid": 0
    },
    "ammo.shotgun.slug": {
      "canCraft": true,
      "useCrafteRateMultiplier": true,
      "craftTime": 3.0,
      "defaultskinid": 0
    },
    "door.double.hinged.metal": {
      "canCraft": true,
      "useCrafteRateMultiplier": true,
      "craftTime": 60.0,
      "defaultskinid": 0
    },
    "door.double.hinged.toptier": {
      "canCraft": true,
      "useCrafteRateMultiplier": true,
      "craftTime": 60.0,
      "defaultskinid": 0
    },
    "door.double.hinged.wood": {
      "canCraft": true,
      "useCrafteRateMultiplier": true,
      "craftTime": 60.0,
      "defaultskinid": 0
    },
    "door.hinged.metal": {
      "canCraft": true,
      "useCrafteRateMultiplier": true,
      "craftTime": 30.0,
      "defaultskinid": 0
    },
    "door.hinged.toptier": {
      "canCraft": true,
      "useCrafteRateMultiplier": true,
      "craftTime": 30.0,
      "defaultskinid": 0
    },
    "door.hinged.wood": {
      "canCraft": true,
      "useCrafteRateMultiplier": true,
      "craftTime": 30.0,
      "defaultskinid": 0
    },
    "floor.grill": {
      "canCraft": true,
      "useCrafteRateMultiplier": true,
      "craftTime": 30.0,
      "defaultskinid": 0
    },
    "floor.ladder.hatch": {
      "canCraft": true,
      "useCrafteRateMultiplier": true,
      "craftTime": 30.0,
      "defaultskinid": 0
    },
    "floor.triangle.grill": {
      "canCraft": true,
      "useCrafteRateMultiplier": true,
      "craftTime": 30.0,
      "defaultskinid": 0
    },
    "floor.triangle.ladder.hatch": {
      "canCraft": true,
      "useCrafteRateMultiplier": true,
      "craftTime": 30.0,
      "defaultskinid": 0
    },
    "gates.external.high.stone": {
      "canCraft": true,
      "useCrafteRateMultiplier": true,
      "craftTime": 60.0,
      "defaultskinid": 0
    },
    "gates.external.high.wood": {
      "canCraft": true,
      "useCrafteRateMultiplier": true,
      "craftTime": 60.0,
      "defaultskinid": 0
    },
    "ladder.wooden.wall": {
      "canCraft": true,
      "useCrafteRateMultiplier": true,
      "craftTime": 60.0,
      "defaultskinid": 0
    },
    "wall.external.high.stone": {
      "canCraft": true,
      "useCrafteRateMultiplier": true,
      "craftTime": 60.0,
      "defaultskinid": 0
    },
    "wall.external.high": {
      "canCraft": true,
      "useCrafteRateMultiplier": true,
      "craftTime": 60.0,
      "defaultskinid": 0
    },
    "wall.frame.cell.gate": {
      "canCraft": true,
      "useCrafteRateMultiplier": true,
      "craftTime": 30.0,
      "defaultskinid": 0
    },
    "wall.frame.cell": {
      "canCraft": true,
      "useCrafteRateMultiplier": true,
      "craftTime": 30.0,
      "defaultskinid": 0
    },
    "wall.frame.fence.gate": {
      "canCraft": true,
      "useCrafteRateMultiplier": true,
      "craftTime": 30.0,
      "defaultskinid": 0
    },
    "wall.frame.fence": {
      "canCraft": true,
      "useCrafteRateMultiplier": true,
      "craftTime": 30.0,
      "defaultskinid": 0
    },
    "wall.frame.garagedoor": {
      "canCraft": true,
      "useCrafteRateMultiplier": true,
      "craftTime": 30.0,
      "defaultskinid": 0
    },
    "wall.frame.netting": {
      "canCraft": true,
      "useCrafteRateMultiplier": true,
      "craftTime": 30.0,
      "defaultskinid": 0
    },
    "wall.frame.shopfront": {
      "canCraft": true,
      "useCrafteRateMultiplier": true,
      "craftTime": 30.0,
      "defaultskinid": 0
    },
    "wall.frame.shopfront.metal": {
      "canCraft": true,
      "useCrafteRateMultiplier": true,
      "craftTime": 30.0,
      "defaultskinid": 0
    },
    "wall.window.bars.metal": {
      "canCraft": true,
      "useCrafteRateMultiplier": true,
      "craftTime": 30.0,
      "defaultskinid": 0
    },
    "wall.window.bars.toptier": {
      "canCraft": true,
      "useCrafteRateMultiplier": true,
      "craftTime": 30.0,
      "defaultskinid": 0
    },
    "wall.window.bars.wood": {
      "canCraft": true,
      "useCrafteRateMultiplier": true,
      "craftTime": 30.0,
      "defaultskinid": 0
    },
    "shutter.metal.embrasure.a": {
      "canCraft": true,
      "useCrafteRateMultiplier": true,
      "craftTime": 30.0,
      "defaultskinid": 0
    },
    "shutter.metal.embrasure.b": {
      "canCraft": true,
      "useCrafteRateMultiplier": true,
      "craftTime": 30.0,
      "defaultskinid": 0
    },
    "wall.window.glass.reinforced": {
      "canCraft": true,
      "useCrafteRateMultiplier": true,
      "craftTime": 30.0,
      "defaultskinid": 0
    },
    "shutter.wood.a": {
      "canCraft": true,
      "useCrafteRateMultiplier": true,
      "craftTime": 30.0,
      "defaultskinid": 0
    },
    "watchtower.wood": {
      "canCraft": true,
      "useCrafteRateMultiplier": true,
      "craftTime": 180.0,
      "defaultskinid": 0
    },
    "boots.frog": {
      "canCraft": true,
      "useCrafteRateMultiplier": true,
      "craftTime": 1.0,
      "defaultskinid": 0
    },
    "burlap.gloves.new": {
      "canCraft": true,
      "useCrafteRateMultiplier": true,
      "craftTime": 30.0,
      "defaultskinid": 0
    },
    "burlap.gloves": {
      "canCraft": true,
      "useCrafteRateMultiplier": true,
      "craftTime": 30.0,
      "defaultskinid": 0
    },
    "roadsign.gloves": {
      "canCraft": true,
      "useCrafteRateMultiplier": true,
      "craftTime": 30.0,
      "defaultskinid": 0
    },
    "attire.hide.helterneck": {
      "canCraft": true,
      "useCrafteRateMultiplier": true,
      "craftTime": 30.0,
      "defaultskinid": 0
    },
    "hat.beenie": {
      "canCraft": true,
      "useCrafteRateMultiplier": true,
      "craftTime": 30.0,
      "defaultskinid": 0
    },
    "hat.boonie": {
      "canCraft": true,
      "useCrafteRateMultiplier": true,
      "craftTime": 30.0,
      "defaultskinid": 0
    },
    "bucket.helmet": {
      "canCraft": true,
      "useCrafteRateMultiplier": true,
      "craftTime": 60.0,
      "defaultskinid": 0
    },
    "burlap.headwrap": {
      "canCraft": true,
      "useCrafteRateMultiplier": true,
      "craftTime": 30.0,
      "defaultskinid": 0
    },
    "hat.candle": {
      "canCraft": true,
      "useCrafteRateMultiplier": true,
      "craftTime": 30.0,
      "defaultskinid": 0
    },
    "hat.cap": {
      "canCraft": true,
      "useCrafteRateMultiplier": true,
      "craftTime": 30.0,
      "defaultskinid": 0
    },
    "clatter.helmet": {
      "canCraft": true,
      "useCrafteRateMultiplier": true,
      "craftTime": 60.0,
      "defaultskinid": 0
    },
    "coffeecan.helmet": {
      "canCraft": true,
      "useCrafteRateMultiplier": true,
      "craftTime": 60.0,
      "defaultskinid": 0
    },
    "deer.skull.mask": {
      "canCraft": true,
      "useCrafteRateMultiplier": true,
      "craftTime": 60.0,
      "defaultskinid": 0
    },
    "heavy.plate.helmet": {
      "canCraft": true,
      "useCrafteRateMultiplier": true,
      "craftTime": 60.0,
      "defaultskinid": 0
    },
    "hat.miner": {
      "canCraft": true,
      "useCrafteRateMultiplier": true,
      "craftTime": 30.0,
      "defaultskinid": 0
    },
    "riot.helmet": {
      "canCraft": true,
      "useCrafteRateMultiplier": true,
      "craftTime": 60.0,
      "defaultskinid": 0
    },
    "wood.armor.helmet": {
      "canCraft": true,
      "useCrafteRateMultiplier": true,
      "craftTime": 20.0,
      "defaultskinid": 0
    },
    "hoodie": {
      "canCraft": true,
      "useCrafteRateMultiplier": true,
      "craftTime": 30.0,
      "defaultskinid": 0
    },
    "bone.armor.suit": {
      "canCraft": true,
      "useCrafteRateMultiplier": true,
      "craftTime": 60.0,
      "defaultskinid": 0
    },
    "heavy.plate.jacket": {
      "canCraft": true,
      "useCrafteRateMultiplier": true,
      "craftTime": 60.0,
      "defaultskinid": 0
    },
    "jacket.snow": {
      "canCraft": true,
      "useCrafteRateMultiplier": true,
      "craftTime": 30.0,
      "defaultskinid": 0
    },
    "jacket": {
      "canCraft": true,
      "useCrafteRateMultiplier": true,
      "craftTime": 30.0,
      "defaultskinid": 0
    },
    "wood.armor.jacket": {
      "canCraft": true,
      "useCrafteRateMultiplier": true,
      "craftTime": 60.0,
      "defaultskinid": 0
    },
    "mask.balaclava": {
      "canCraft": true,
      "useCrafteRateMultiplier": true,
      "craftTime": 30.0,
      "defaultskinid": 0
    },
    "mask.bandana": {
      "canCraft": true,
      "useCrafteRateMultiplier": true,
      "craftTime": 30.0,
      "defaultskinid": 0
    },
    "metal.facemask": {
      "canCraft": true,
      "useCrafteRateMultiplier": true,
      "craftTime": 60.0,
      "defaultskinid": 0
    },
    "nightvisiongoggles": {
      "canCraft": true,
      "useCrafteRateMultiplier": true,
      "craftTime": 30.0,
      "defaultskinid": 0
    },
    "burlap.trousers": {
      "canCraft": true,
      "useCrafteRateMultiplier": true,
      "craftTime": 30.0,
      "defaultskinid": 0
    },
    "heavy.plate.pants": {
      "canCraft": true,
      "useCrafteRateMultiplier": true,
      "craftTime": 60.0,
      "defaultskinid": 0
    },
    "attire.hide.pants": {
      "canCraft": true,
      "useCrafteRateMultiplier": true,
      "craftTime": 30.0,
      "defaultskinid": 0
    },
    "roadsign.kilt": {
      "canCraft": true,
      "useCrafteRateMultiplier": true,
      "craftTime": 60.0,
      "defaultskinid": 0
    },
    "pants.shorts": {
      "canCraft": true,
      "useCrafteRateMultiplier": true,
      "craftTime": 30.0,
      "defaultskinid": 0
    },
    "wood.armor.pants": {
      "canCraft": true,
      "useCrafteRateMultiplier": true,
      "craftTime": 60.0,
      "defaultskinid": 0
    },
    "pants": {
      "canCraft": true,
      "useCrafteRateMultiplier": true,
      "craftTime": 30.0,
      "defaultskinid": 0
    },
    "attire.hide.poncho": {
      "canCraft": true,
      "useCrafteRateMultiplier": true,
      "craftTime": 30.0,
      "defaultskinid": 0
    },
    "burlap.shirt": {
      "canCraft": true,
      "useCrafteRateMultiplier": true,
      "craftTime": 30.0,
      "defaultskinid": 0
    },
    "shirt.collared": {
      "canCraft": true,
      "useCrafteRateMultiplier": true,
      "craftTime": 30.0,
      "defaultskinid": 0
    },
    "attire.hide.vest": {
      "canCraft": true,
      "useCrafteRateMultiplier": true,
      "craftTime": 30.0,
      "defaultskinid": 0
    },
    "shirt.tanktop": {
      "canCraft": true,
      "useCrafteRateMultiplier": true,
      "craftTime": 30.0,
      "defaultskinid": 0
    },
    "shoes.boots": {
      "canCraft": true,
      "useCrafteRateMultiplier": true,
      "craftTime": 30.0,
      "defaultskinid": 0
    },
    "burlap.shoes": {
      "canCraft": true,
      "useCrafteRateMultiplier": true,
      "craftTime": 30.0,
      "defaultskinid": 0
    },
    "attire.hide.boots": {
      "canCraft": true,
      "useCrafteRateMultiplier": true,
      "craftTime": 30.0,
      "defaultskinid": 0
    },
    "attire.hide.skirt": {
      "canCraft": true,
      "useCrafteRateMultiplier": true,
      "craftTime": 30.0,
      "defaultskinid": 0
    },
    "hazmatsuit": {
      "canCraft": true,
      "useCrafteRateMultiplier": true,
      "craftTime": 20.0,
      "defaultskinid": 0
    },
    "tshirt.long": {
      "canCraft": true,
      "useCrafteRateMultiplier": true,
      "craftTime": 30.0,
      "defaultskinid": 0
    },
    "tshirt": {
      "canCraft": true,
      "useCrafteRateMultiplier": true,
      "craftTime": 30.0,
      "defaultskinid": 0
    },
    "metal.plate.torso": {
      "canCraft": true,
      "useCrafteRateMultiplier": true,
      "craftTime": 60.0,
      "defaultskinid": 0
    },
    "roadsign.jacket": {
      "canCraft": true,
      "useCrafteRateMultiplier": true,
      "craftTime": 60.0,
      "defaultskinid": 0
    },
    "carburetor1": {
      "canCraft": true,
      "useCrafteRateMultiplier": true,
      "craftTime": 30.0,
      "defaultskinid": 0
    },
    "carburetor2": {
      "canCraft": true,
      "useCrafteRateMultiplier": true,
      "craftTime": 30.0,
      "defaultskinid": 0
    },
    "crankshaft1": {
      "canCraft": true,
      "useCrafteRateMultiplier": true,
      "craftTime": 30.0,
      "defaultskinid": 0
    },
    "crankshaft2": {
      "canCraft": true,
      "useCrafteRateMultiplier": true,
      "craftTime": 30.0,
      "defaultskinid": 0
    },
    "piston1": {
      "canCraft": true,
      "useCrafteRateMultiplier": true,
      "craftTime": 30.0,
      "defaultskinid": 0
    },
    "piston2": {
      "canCraft": true,
      "useCrafteRateMultiplier": true,
      "craftTime": 30.0,
      "defaultskinid": 0
    },
    "sparkplug1": {
      "canCraft": true,
      "useCrafteRateMultiplier": true,
      "craftTime": 30.0,
      "defaultskinid": 0
    },
    "sparkplug2": {
      "canCraft": true,
      "useCrafteRateMultiplier": true,
      "craftTime": 30.0,
      "defaultskinid": 0
    },
    "valve1": {
      "canCraft": true,
      "useCrafteRateMultiplier": true,
      "craftTime": 30.0,
      "defaultskinid": 0
    },
    "valve2": {
      "canCraft": true,
      "useCrafteRateMultiplier": true,
      "craftTime": 30.0,
      "defaultskinid": 0
    },
    "gears": {
      "canCraft": true,
      "useCrafteRateMultiplier": true,
      "craftTime": 1.0,
      "defaultskinid": 0
    },
    "metalblade": {
      "canCraft": true,
      "useCrafteRateMultiplier": true,
      "craftTime": 1.0,
      "defaultskinid": 0
    },
    "metalpipe": {
      "canCraft": true,
      "useCrafteRateMultiplier": true,
      "craftTime": 1.0,
      "defaultskinid": 0
    },
    "propanetank": {
      "canCraft": true,
      "useCrafteRateMultiplier": true,
      "craftTime": 1.0,
      "defaultskinid": 0
    },
    "roadsigns": {
      "canCraft": true,
      "useCrafteRateMultiplier": true,
      "craftTime": 1.0,
      "defaultskinid": 0
    },
    "sewingkit": {
      "canCraft": true,
      "useCrafteRateMultiplier": true,
      "craftTime": 1.0,
      "defaultskinid": 0
    },
    "metalspring": {
      "canCraft": true,
      "useCrafteRateMultiplier": true,
      "craftTime": 1.0,
      "defaultskinid": 0
    },
    "barricade.concrete": {
      "canCraft": true,
      "useCrafteRateMultiplier": true,
      "craftTime": 30.0,
      "defaultskinid": 0
    },
    "barricade.wood.cover": {
      "canCraft": true,
      "useCrafteRateMultiplier": true,
      "craftTime": 25.0,
      "defaultskinid": 0
    },
    "barricade.metal": {
      "canCraft": true,
      "useCrafteRateMultiplier": true,
      "craftTime": 30.0,
      "defaultskinid": 0
    },
    "barricade.sandbags": {
      "canCraft": true,
      "useCrafteRateMultiplier": true,
      "craftTime": 30.0,
      "defaultskinid": 0
    },
    "barricade.stone": {
      "canCraft": true,
      "useCrafteRateMultiplier": true,
      "craftTime": 30.0,
      "defaultskinid": 0
    },
    "barricade.wood": {
      "canCraft": true,
      "useCrafteRateMultiplier": true,
      "craftTime": 30.0,
      "defaultskinid": 0
    },
    "barricade.woodwire": {
      "canCraft": true,
      "useCrafteRateMultiplier": true,
      "craftTime": 30.0,
      "defaultskinid": 0
    },
    "bbq": {
      "canCraft": true,
      "useCrafteRateMultiplier": true,
      "craftTime": 30.0,
      "defaultskinid": 0
    },
    "trap.bear": {
      "canCraft": true,
      "useCrafteRateMultiplier": true,
      "craftTime": 30.0,
      "defaultskinid": 0
    },
    "bed": {
      "canCraft": true,
      "useCrafteRateMultiplier": true,
      "craftTime": 60.0,
      "defaultskinid": 0
    },
    "campfire": {
      "canCraft": true,
      "useCrafteRateMultiplier": true,
      "craftTime": 30.0,
      "defaultskinid": 0
    },
    "ceilinglight": {
      "canCraft": true,
      "useCrafteRateMultiplier": true,
      "craftTime": 30.0,
      "defaultskinid": 0
    },
    "chair": {
      "canCraft": true,
      "useCrafteRateMultiplier": true,
      "craftTime": 30.0,
      "defaultskinid": 0
    },
    "composter": {
      "canCraft": true,
      "useCrafteRateMultiplier": true,
      "craftTime": 30.0,
      "defaultskinid": 0
    },
    "computerstation": {
      "canCraft": true,
      "useCrafteRateMultiplier": true,
      "craftTime": 30.0,
      "defaultskinid": 0
    },
    "dropbox": {
      "canCraft": true,
      "useCrafteRateMultiplier": true,
      "craftTime": 30.0,
      "defaultskinid": 0
    },
    "fireplace.stone": {
      "canCraft": true,
      "useCrafteRateMultiplier": true,
      "craftTime": 30.0,
      "defaultskinid": 0
    },
    "firework.boomer.blue": {
      "canCraft": true,
      "useCrafteRateMultiplier": true,
      "craftTime": 10.0,
      "defaultskinid": 0
    },
    "firework.boomer.champagne": {
      "canCraft": true,
      "useCrafteRateMultiplier": true,
      "craftTime": 10.0,
      "defaultskinid": 0
    },
    "firework.boomer.green": {
      "canCraft": true,
      "useCrafteRateMultiplier": true,
      "craftTime": 10.0,
      "defaultskinid": 0
    },
    "firework.boomer.orange": {
      "canCraft": true,
      "useCrafteRateMultiplier": true,
      "craftTime": 10.0,
      "defaultskinid": 0
    },
    "firework.boomer.red": {
      "canCraft": true,
      "useCrafteRateMultiplier": true,
      "craftTime": 10.0,
      "defaultskinid": 0
    },
    "firework.boomer.violet": {
      "canCraft": true,
      "useCrafteRateMultiplier": true,
      "craftTime": 10.0,
      "defaultskinid": 0
    },
    "firework.romancandle.blue": {
      "canCraft": true,
      "useCrafteRateMultiplier": true,
      "craftTime": 60.0,
      "defaultskinid": 0
    },
    "firework.romancandle.green": {
      "canCraft": true,
      "useCrafteRateMultiplier": true,
      "craftTime": 60.0,
      "defaultskinid": 0
    },
    "firework.romancandle.red": {
      "canCraft": true,
      "useCrafteRateMultiplier": true,
      "craftTime": 60.0,
      "defaultskinid": 0
    },
    "firework.romancandle.violet": {
      "canCraft": true,
      "useCrafteRateMultiplier": true,
      "craftTime": 60.0,
      "defaultskinid": 0
    },
    "firework.volcano": {
      "canCraft": true,
      "useCrafteRateMultiplier": true,
      "craftTime": 10.0,
      "defaultskinid": 0
    },
    "firework.volcano.red": {
      "canCraft": true,
      "useCrafteRateMultiplier": true,
      "craftTime": 10.0,
      "defaultskinid": 0
    },
    "firework.volcano.violet": {
      "canCraft": true,
      "useCrafteRateMultiplier": true,
      "craftTime": 10.0,
      "defaultskinid": 0
    },
    "spikes.floor": {
      "canCraft": true,
      "useCrafteRateMultiplier": true,
      "craftTime": 30.0,
      "defaultskinid": 0
    },
    "fridge": {
      "canCraft": true,
      "useCrafteRateMultiplier": true,
      "craftTime": 30.0,
      "defaultskinid": 0
    },
    "furnace.large": {
      "canCraft": true,
      "useCrafteRateMultiplier": true,
      "craftTime": 120.0,
      "defaultskinid": 0
    },
    "furnace": {
      "canCraft": true,
      "useCrafteRateMultiplier": true,
      "craftTime": 60.0,
      "defaultskinid": 0
    },
    "hitchtroughcombo": {
      "canCraft": true,
      "useCrafteRateMultiplier": true,
      "craftTime": 60.0,
      "defaultskinid": 0
    },
    "jackolantern.angry": {
      "canCraft": true,
      "useCrafteRateMultiplier": true,
      "craftTime": 20.0,
      "defaultskinid": 0
    },
    "jackolantern.happy": {
      "canCraft": true,
      "useCrafteRateMultiplier": true,
      "craftTime": 20.0,
      "defaultskinid": 0
    },
    "trap.landmine": {
      "canCraft": true,
      "useCrafteRateMultiplier": true,
      "craftTime": 60.0,
      "defaultskinid": 0
    },
    "lantern": {
      "canCraft": true,
      "useCrafteRateMultiplier": true,
      "craftTime": 60.0,
      "defaultskinid": 0
    },
    "box.wooden.large": {
      "canCraft": true,
      "useCrafteRateMultiplier": true,
      "craftTime": 60.0,
      "defaultskinid": 0
    },
    "water.barrel": {
      "canCraft": true,
      "useCrafteRateMultiplier": true,
      "craftTime": 60.0,
      "defaultskinid": 0
    },
    "locker": {
      "canCraft": true,
      "useCrafteRateMultiplier": true,
      "craftTime": 30.0,
      "defaultskinid": 0
    },
    "mailbox": {
      "canCraft": true,
      "useCrafteRateMultiplier": true,
      "craftTime": 30.0,
      "defaultskinid": 0
    },
    "mixingtable": {
      "canCraft": true,
      "useCrafteRateMultiplier": true,
      "craftTime": 30.0,
      "defaultskinid": 0
    },
    "modularcarlift": {
      "canCraft": true,
      "useCrafteRateMultiplier": true,
      "craftTime": 30.0,
      "defaultskinid": 0
    },
    "small.oil.refinery": {
      "canCraft": true,
      "useCrafteRateMultiplier": true,
      "craftTime": 120.0,
      "defaultskinid": 0
    },
    "planter.large": {
      "canCraft": true,
      "useCrafteRateMultiplier": true,
      "craftTime": 30.0,
      "defaultskinid": 0
    },
    "planter.small": {
      "canCraft": true,
      "useCrafteRateMultiplier": true,
      "craftTime": 30.0,
      "defaultskinid": 0
    },
    "electric.audioalarm": {
      "canCraft": true,
      "useCrafteRateMultiplier": true,
      "craftTime": 30.0,
      "defaultskinid": 0
    },
    "smart.alarm": {
      "canCraft": true,
      "useCrafteRateMultiplier": true,
      "craftTime": 30.0,
      "defaultskinid": 0
    },
    "smart.switch": {
      "canCraft": true,
      "useCrafteRateMultiplier": true,
      "craftTime": 30.0,
      "defaultskinid": 0
    },
    "storage.monitor": {
      "canCraft": true,
      "useCrafteRateMultiplier": true,
      "craftTime": 30.0,
      "defaultskinid": 0
    },
    "electric.battery.rechargable.large": {
      "canCraft": true,
      "useCrafteRateMultiplier": true,
      "craftTime": 30.0,
      "defaultskinid": 0
    },
    "electric.battery.rechargable.medium": {
      "canCraft": true,
      "useCrafteRateMultiplier": true,
      "craftTime": 30.0,
      "defaultskinid": 0
    },
    "electric.battery.rechargable.small": {
      "canCraft": true,
      "useCrafteRateMultiplier": true,
      "craftTime": 30.0,
      "defaultskinid": 0
    },
    "electric.button": {
      "canCraft": true,
      "useCrafteRateMultiplier": true,
      "craftTime": 30.0,
      "defaultskinid": 0
    },
    "electric.counter": {
      "canCraft": true,
      "useCrafteRateMultiplier": true,
      "craftTime": 30.0,
      "defaultskinid": 0
    },
    "electric.hbhfsensor": {
      "canCraft": true,
      "useCrafteRateMultiplier": true,
      "craftTime": 30.0,
      "defaultskinid": 0
    },
    "electric.laserdetector": {
      "canCraft": true,
      "useCrafteRateMultiplier": true,
      "craftTime": 30.0,
      "defaultskinid": 0
    },
    "electric.pressurepad": {
      "canCraft": true,
      "useCrafteRateMultiplier": true,
      "craftTime": 30.0,
      "defaultskinid": 0
    },
    "electric.doorcontroller": {
      "canCraft": true,
      "useCrafteRateMultiplier": true,
      "craftTime": 30.0,
      "defaultskinid": 0
    },
    "electric.heater": {
      "canCraft": true,
      "useCrafteRateMultiplier": true,
      "craftTime": 30.0,
      "defaultskinid": 0
    },
    "fluid.combiner": {
      "canCraft": true,
      "useCrafteRateMultiplier": true,
      "craftTime": 30.0,
      "defaultskinid": 0
    },
    "fluid.splitter": {
      "canCraft": true,
      "useCrafteRateMultiplier": true,
      "craftTime": 30.0,
      "defaultskinid": 0
    },
    "fluid.switch": {
      "canCraft": true,
      "useCrafteRateMultiplier": true,
      "craftTime": 30.0,
      "defaultskinid": 0
    },
    "electric.andswitch": {
      "canCraft": true,
      "useCrafteRateMultiplier": true,
      "craftTime": 30.0,
      "defaultskinid": 0
    },
    "electric.blocker": {
      "canCraft": true,
      "useCrafteRateMultiplier": true,
      "craftTime": 30.0,
      "defaultskinid": 0
    },
    "electrical.branch": {
      "canCraft": true,
      "useCrafteRateMultiplier": true,
      "craftTime": 30.0,
      "defaultskinid": 0
    },
    "electrical.combiner": {
      "canCraft": true,
      "useCrafteRateMultiplier": true,
      "craftTime": 30.0,
      "defaultskinid": 0
    },
    "electrical.memorycell": {
      "canCraft": true,
      "useCrafteRateMultiplier": true,
      "craftTime": 30.0,
      "defaultskinid": 0
    },
    "electric.orswitch": {
      "canCraft": true,
      "useCrafteRateMultiplier": true,
      "craftTime": 30.0,
      "defaultskinid": 0
    },
    "electric.random.switch": {
      "canCraft": true,
      "useCrafteRateMultiplier": true,
      "craftTime": 30.0,
      "defaultskinid": 0
    },
    "electric.rf.broadcaster": {
      "canCraft": true,
      "useCrafteRateMultiplier": true,
      "craftTime": 30.0,
      "defaultskinid": 0
    },
    "electric.rf.receiver": {
      "canCraft": true,
      "useCrafteRateMultiplier": true,
      "craftTime": 30.0,
      "defaultskinid": 0
    },
    "electric.xorswitch": {
      "canCraft": true,
      "useCrafteRateMultiplier": true,
      "craftTime": 30.0,
      "defaultskinid": 0
    },
    "electric.fuelgenerator.small": {
      "canCraft": true,
      "useCrafteRateMultiplier": true,
      "craftTime": 30.0,
      "defaultskinid": 0
    },
    "electric.solarpanel.large": {
      "canCraft": true,
      "useCrafteRateMultiplier": true,
      "craftTime": 30.0,
      "defaultskinid": 0
    },
    "electric.igniter": {
      "canCraft": true,
      "useCrafteRateMultiplier": true,
      "craftTime": 30.0,
      "defaultskinid": 0
    },
    "electric.flasherlight": {
      "canCraft": true,
      "useCrafteRateMultiplier": true,
      "craftTime": 30.0,
      "defaultskinid": 0
    },
    "electric.sirenlight": {
      "canCraft": true,
      "useCrafteRateMultiplier": true,
      "craftTime": 30.0,
      "defaultskinid": 0
    },
    "powered.water.purifier": {
      "canCraft": true,
      "useCrafteRateMultiplier": true,
      "craftTime": 30.0,
      "defaultskinid": 0
    },
    "electric.switch": {
      "canCraft": true,
      "useCrafteRateMultiplier": true,
      "craftTime": 30.0,
      "defaultskinid": 0
    },
    "electric.splitter": {
      "canCraft": true,
      "useCrafteRateMultiplier": true,
      "craftTime": 30.0,
      "defaultskinid": 0
    },
    "electric.sprinkler": {
      "canCraft": true,
      "useCrafteRateMultiplier": true,
      "craftTime": 30.0,
      "defaultskinid": 0
    },
    "electric.teslacoil": {
      "canCraft": true,
      "useCrafteRateMultiplier": true,
      "craftTime": 30.0,
      "defaultskinid": 0
    },
    "electric.timer": {
      "canCraft": true,
      "useCrafteRateMultiplier": true,
      "craftTime": 30.0,
      "defaultskinid": 0
    },
    "waterpump": {
      "canCraft": true,
      "useCrafteRateMultiplier": true,
      "craftTime": 30.0,
      "defaultskinid": 0
    },
    "target.reactive": {
      "canCraft": true,
      "useCrafteRateMultiplier": true,
      "craftTime": 30.0,
      "defaultskinid": 0
    },
    "box.repair.bench": {
      "canCraft": true,
      "useCrafteRateMultiplier": true,
      "craftTime": 60.0,
      "defaultskinid": 0
    },
    "research.table": {
      "canCraft": true,
      "useCrafteRateMultiplier": true,
      "craftTime": 60.0,
      "defaultskinid": 0
    },
    "rug.bear": {
      "canCraft": true,
      "useCrafteRateMultiplier": true,
      "craftTime": 30.0,
      "defaultskinid": 0
    },
    "rug": {
      "canCraft": true,
      "useCrafteRateMultiplier": true,
      "craftTime": 30.0,
      "defaultskinid": 0
    },
    "searchlight": {
      "canCraft": true,
      "useCrafteRateMultiplier": true,
      "craftTime": 60.0,
      "defaultskinid": 0
    },
    "shelves": {
      "canCraft": true,
      "useCrafteRateMultiplier": true,
      "craftTime": 10.0,
      "defaultskinid": 0
    },
    "sign.hanging.banner.large": {
      "canCraft": true,
      "useCrafteRateMultiplier": true,
      "craftTime": 60.0,
      "defaultskinid": 0
    },
    "sign.hanging": {
      "canCraft": true,
      "useCrafteRateMultiplier": true,
      "craftTime": 60.0,
      "defaultskinid": 0
    },
    "sign.hanging.ornate": {
      "canCraft": true,
      "useCrafteRateMultiplier": true,
      "craftTime": 60.0,
      "defaultskinid": 0
    },
    "sign.pictureframe.landscape": {
      "canCraft": true,
      "useCrafteRateMultiplier": true,
      "craftTime": 60.0,
      "defaultskinid": 0
    },
    "sign.pictureframe.portrait": {
      "canCraft": true,
      "useCrafteRateMultiplier": true,
      "craftTime": 60.0,
      "defaultskinid": 0
    },
    "sign.pictureframe.tall": {
      "canCraft": true,
      "useCrafteRateMultiplier": true,
      "craftTime": 60.0,
      "defaultskinid": 0
    },
    "sign.pictureframe.xl": {
      "canCraft": true,
      "useCrafteRateMultiplier": true,
      "craftTime": 60.0,
      "defaultskinid": 0
    },
    "sign.pictureframe.xxl": {
      "canCraft": true,
      "useCrafteRateMultiplier": true,
      "craftTime": 60.0,
      "defaultskinid": 0
    },
    "sign.pole.banner.large": {
      "canCraft": true,
      "useCrafteRateMultiplier": true,
      "craftTime": 60.0,
      "defaultskinid": 0
    },
    "sign.post.double": {
      "canCraft": true,
      "useCrafteRateMultiplier": true,
      "craftTime": 30.0,
      "defaultskinid": 0
    },
    "sign.post.single": {
      "canCraft": true,
      "useCrafteRateMultiplier": true,
      "craftTime": 30.0,
      "defaultskinid": 0
    },
    "sign.post.town": {
      "canCraft": true,
      "useCrafteRateMultiplier": true,
      "craftTime": 60.0,
      "defaultskinid": 0
    },
    "sign.post.town.roof": {
      "canCraft": true,
      "useCrafteRateMultiplier": true,
      "craftTime": 60.0,
      "defaultskinid": 0
    },
    "sign.wooden.huge": {
      "canCraft": true,
      "useCrafteRateMultiplier": true,
      "craftTime": 90.0,
      "defaultskinid": 0
    },
    "sign.wooden.large": {
      "canCraft": true,
      "useCrafteRateMultiplier": true,
      "craftTime": 60.0,
      "defaultskinid": 0
    },
    "sign.wooden.medium": {
      "canCraft": true,
      "useCrafteRateMultiplier": true,
      "craftTime": 45.0,
      "defaultskinid": 0
    },
    "sign.wooden.small": {
      "canCraft": true,
      "useCrafteRateMultiplier": true,
      "craftTime": 30.0,
      "defaultskinid": 0
    },
    "guntrap": {
      "canCraft": true,
      "useCrafteRateMultiplier": true,
      "craftTime": 30.0,
      "defaultskinid": 0
    },
    "sleepingbag": {
      "canCraft": true,
      "useCrafteRateMultiplier": true,
      "craftTime": 30.0,
      "defaultskinid": 0
    },
    "stash.small": {
      "canCraft": true,
      "useCrafteRateMultiplier": true,
      "craftTime": 30.0,
      "defaultskinid": 0
    },
    "spinner.wheel": {
      "canCraft": true,
      "useCrafteRateMultiplier": true,
      "craftTime": 60.0,
      "defaultskinid": 0
    },
    "fishtrap.small": {
      "canCraft": true,
      "useCrafteRateMultiplier": true,
      "craftTime": 30.0,
      "defaultskinid": 0
    },
    "table": {
      "canCraft": true,
      "useCrafteRateMultiplier": true,
      "craftTime": 30.0,
      "defaultskinid": 0
    },
    "workbench1": {
      "canCraft": true,
      "useCrafteRateMultiplier": true,
      "craftTime": 60.0,
      "defaultskinid": 0
    },
    "workbench2": {
      "canCraft": true,
      "useCrafteRateMultiplier": true,
      "craftTime": 60.0,
      "defaultskinid": 0
    },
    "workbench3": {
      "canCraft": true,
      "useCrafteRateMultiplier": true,
      "craftTime": 60.0,
      "defaultskinid": 0
    },
    "cupboard.tool": {
      "canCraft": true,
      "useCrafteRateMultiplier": true,
      "craftTime": 60.0,
      "defaultskinid": 0
    },
    "tunalight": {
      "canCraft": true,
      "useCrafteRateMultiplier": true,
      "craftTime": 20.0,
      "defaultskinid": 0
    },
    "vending.machine": {
      "canCraft": true,
      "useCrafteRateMultiplier": true,
      "craftTime": 30.0,
      "defaultskinid": 0
    },
    "water.catcher.large": {
      "canCraft": true,
      "useCrafteRateMultiplier": true,
      "craftTime": 120.0,
      "defaultskinid": 0
    },
    "water.catcher.small": {
      "canCraft": true,
      "useCrafteRateMultiplier": true,
      "craftTime": 60.0,
      "defaultskinid": 0
    },
    "water.purifier": {
      "canCraft": true,
      "useCrafteRateMultiplier": true,
      "craftTime": 30.0,
      "defaultskinid": 0
    },
    "generator.wind.scrap": {
      "canCraft": true,
      "useCrafteRateMultiplier": true,
      "craftTime": 30.0,
      "defaultskinid": 0
    },
    "box.wooden": {
      "canCraft": true,
      "useCrafteRateMultiplier": true,
      "craftTime": 30.0,
      "defaultskinid": 0
    },
    "botabag": {
      "canCraft": true,
      "useCrafteRateMultiplier": true,
      "craftTime": 15.0,
      "defaultskinid": 0
    },
    "fun.bass": {
      "canCraft": true,
      "useCrafteRateMultiplier": true,
      "craftTime": 60.0,
      "defaultskinid": 0
    },
    "fun.cowbell": {
      "canCraft": true,
      "useCrafteRateMultiplier": true,
      "craftTime": 60.0,
      "defaultskinid": 0
    },
    "drumkit": {
      "canCraft": true,
      "useCrafteRateMultiplier": true,
      "craftTime": 30.0,
      "defaultskinid": 0
    },
    "fun.flute": {
      "canCraft": true,
      "useCrafteRateMultiplier": true,
      "craftTime": 60.0,
      "defaultskinid": 0
    },
    "fun.guitar": {
      "canCraft": true,
      "useCrafteRateMultiplier": true,
      "craftTime": 60.0,
      "defaultskinid": 0
    },
    "fun.jerrycanguitar": {
      "canCraft": true,
      "useCrafteRateMultiplier": true,
      "craftTime": 60.0,
      "defaultskinid": 0
    },
    "piano": {
      "canCraft": true,
      "useCrafteRateMultiplier": true,
      "craftTime": 30.0,
      "defaultskinid": 0
    },
    "fun.tambourine": {
      "canCraft": true,
      "useCrafteRateMultiplier": true,
      "craftTime": 60.0,
      "defaultskinid": 0
    },
    "fun.trumpet": {
      "canCraft": true,
      "useCrafteRateMultiplier": true,
      "craftTime": 60.0,
      "defaultskinid": 0
    },
    "fun.tuba": {
      "canCraft": true,
      "useCrafteRateMultiplier": true,
      "craftTime": 60.0,
      "defaultskinid": 0
    },
    "xylophone": {
      "canCraft": true,
      "useCrafteRateMultiplier": true,
      "craftTime": 30.0,
      "defaultskinid": 0
    },
    "lock.key": {
      "canCraft": true,
      "useCrafteRateMultiplier": true,
      "craftTime": 30.0,
      "defaultskinid": 0
    },
    "lock.code": {
      "canCraft": true,
      "useCrafteRateMultiplier": true,
      "craftTime": 30.0,
      "defaultskinid": 0
    },
    "chineselantern": {
      "canCraft": true,
      "useCrafteRateMultiplier": true,
      "craftTime": 30.0,
      "defaultskinid": 0
    },
    "dragondoorknocker": {
      "canCraft": true,
      "useCrafteRateMultiplier": true,
      "craftTime": 30.0,
      "defaultskinid": 0
    },
    "hat.dragonmask": {
      "canCraft": true,
      "useCrafteRateMultiplier": true,
      "craftTime": 5.0,
      "defaultskinid": 0
    },
    "newyeargong": {
      "canCraft": true,
      "useCrafteRateMultiplier": true,
      "craftTime": 30.0,
      "defaultskinid": 0
    },
    "hat.ratmask": {
      "canCraft": true,
      "useCrafteRateMultiplier": true,
      "craftTime": 5.0,
      "defaultskinid": 0
    },
    "arcade.machine.chippy": {
      "canCraft": true,
      "useCrafteRateMultiplier": true,
      "craftTime": 30.0,
      "defaultskinid": 0
    },
    "easterdoorwreath": {
      "canCraft": true,
      "useCrafteRateMultiplier": true,
      "craftTime": 30.0,
      "defaultskinid": 0
    },
    "rustige_egg_a": {
      "canCraft": true,
      "useCrafteRateMultiplier": true,
      "craftTime": 30.0,
      "defaultskinid": 0
    },
    "rustige_egg_b": {
      "canCraft": true,
      "useCrafteRateMultiplier": true,
      "craftTime": 30.0,
      "defaultskinid": 0
    },
    "rustige_egg_c": {
      "canCraft": true,
      "useCrafteRateMultiplier": true,
      "craftTime": 30.0,
      "defaultskinid": 0
    },
    "rustige_egg_d": {
      "canCraft": true,
      "useCrafteRateMultiplier": true,
      "craftTime": 30.0,
      "defaultskinid": 0
    },
    "attire.nesthat": {
      "canCraft": true,
      "useCrafteRateMultiplier": true,
      "craftTime": 30.0,
      "defaultskinid": 0
    },
    "largecandles": {
      "canCraft": true,
      "useCrafteRateMultiplier": true,
      "craftTime": 30.0,
      "defaultskinid": 0
    },
    "smallcandles": {
      "canCraft": true,
      "useCrafteRateMultiplier": true,
      "craftTime": 30.0,
      "defaultskinid": 0
    },
    "cursedcauldron": {
      "canCraft": true,
      "useCrafteRateMultiplier": true,
      "craftTime": 30.0,
      "defaultskinid": 0
    },
    "wall.graveyard.fence": {
      "canCraft": true,
      "useCrafteRateMultiplier": true,
      "craftTime": 30.0,
      "defaultskinid": 0
    },
    "scarecrow": {
      "canCraft": true,
      "useCrafteRateMultiplier": true,
      "craftTime": 30.0,
      "defaultskinid": 0
    },
    "skulldoorknocker": {
      "canCraft": true,
      "useCrafteRateMultiplier": true,
      "craftTime": 30.0,
      "defaultskinid": 0
    },
    "skull_fire_pit": {
      "canCraft": true,
      "useCrafteRateMultiplier": true,
      "craftTime": 30.0,
      "defaultskinid": 0
    },
    "spookyspeaker": {
      "canCraft": true,
      "useCrafteRateMultiplier": true,
      "craftTime": 30.0,
      "defaultskinid": 0
    },
    "halloween.surgeonsuit": {
      "canCraft": true,
      "useCrafteRateMultiplier": true,
      "craftTime": 1.0,
      "defaultskinid": 0
    },
    "note": {
      "canCraft": true,
      "useCrafteRateMultiplier": true,
      "craftTime": 5.0,
      "defaultskinid": 0
    },
    "abovegroundpool": {
      "canCraft": true,
      "useCrafteRateMultiplier": true,
      "craftTime": 60.0,
      "defaultskinid": 0
    },
    "beachchair": {
      "canCraft": true,
      "useCrafteRateMultiplier": true,
      "craftTime": 30.0,
      "defaultskinid": 0
    },
    "beachparasol": {
      "canCraft": true,
      "useCrafteRateMultiplier": true,
      "craftTime": 30.0,
      "defaultskinid": 0
    },
    "beachtable": {
      "canCraft": true,
      "useCrafteRateMultiplier": true,
      "craftTime": 30.0,
      "defaultskinid": 0
    },
    "beachtowel": {
      "canCraft": true,
      "useCrafteRateMultiplier": true,
      "craftTime": 30.0,
      "defaultskinid": 0
    },
    "boogieboard": {
      "canCraft": true,
      "useCrafteRateMultiplier": true,
      "craftTime": 30.0,
      "defaultskinid": 0
    },
    "innertube": {
      "canCraft": true,
      "useCrafteRateMultiplier": true,
      "craftTime": 30.0,
      "defaultskinid": 0
    },
    "tool.instant_camera": {
      "canCraft": true,
      "useCrafteRateMultiplier": true,
      "craftTime": 30.0,
      "defaultskinid": 0
    },
    "paddlingpool": {
      "canCraft": true,
      "useCrafteRateMultiplier": true,
      "craftTime": 30.0,
      "defaultskinid": 0
    },
    "photoframe.landscape": {
      "canCraft": true,
      "useCrafteRateMultiplier": true,
      "craftTime": 30.0,
      "defaultskinid": 0
    },
    "photoframe.large": {
      "canCraft": true,
      "useCrafteRateMultiplier": true,
      "craftTime": 30.0,
      "defaultskinid": 0
    },
    "photoframe.portrait": {
      "canCraft": true,
      "useCrafteRateMultiplier": true,
      "craftTime": 30.0,
      "defaultskinid": 0
    },
    "sunglasses": {
      "canCraft": true,
      "useCrafteRateMultiplier": true,
      "craftTime": 15.0,
      "defaultskinid": 0
    },
    "gun.water": {
      "canCraft": true,
      "useCrafteRateMultiplier": true,
      "craftTime": 30.0,
      "defaultskinid": 0
    },
    "pistol.water": {
      "canCraft": true,
      "useCrafteRateMultiplier": true,
      "craftTime": 30.0,
      "defaultskinid": 0
    },
    "xmas.lightstring": {
      "canCraft": true,
      "useCrafteRateMultiplier": true,
      "craftTime": 30.0,
      "defaultskinid": 0
    },
    "xmas.door.garland": {
      "canCraft": true,
      "useCrafteRateMultiplier": true,
      "craftTime": 30.0,
      "defaultskinid": 0
    },
    "giantcandycanedecor": {
      "canCraft": true,
      "useCrafteRateMultiplier": true,
      "craftTime": 30.0,
      "defaultskinid": 0
    },
    "giantlollipops": {
      "canCraft": true,
      "useCrafteRateMultiplier": true,
      "craftTime": 30.0,
      "defaultskinid": 0
    },
    "xmas.lightstring.advanced": {
      "canCraft": true,
      "useCrafteRateMultiplier": true,
      "craftTime": 10.0,
      "defaultskinid": 0
    },
    "snowmachine": {
      "canCraft": true,
      "useCrafteRateMultiplier": true,
      "craftTime": 30.0,
      "defaultskinid": 0
    },
    "snowman": {
      "canCraft": true,
      "useCrafteRateMultiplier": true,
      "craftTime": 30.0,
      "defaultskinid": 0
    },
    "santabeard": {
      "canCraft": true,
      "useCrafteRateMultiplier": true,
      "craftTime": 1.0,
      "defaultskinid": 0
    },
    "xmas.window.garland": {
      "canCraft": true,
      "useCrafteRateMultiplier": true,
      "craftTime": 30.0,
      "defaultskinid": 0
    },
    "xmasdoorwreath": {
      "canCraft": true,
      "useCrafteRateMultiplier": true,
      "craftTime": 30.0,
      "defaultskinid": 0
    },
    "autoturret": {
      "canCraft": true,
      "useCrafteRateMultiplier": true,
      "craftTime": 60.0,
      "defaultskinid": 0
    },
    "flameturret": {
      "canCraft": true,
      "useCrafteRateMultiplier": true,
      "craftTime": 60.0,
      "defaultskinid": 0
    },
    "ammo.rocket.sam": {
      "canCraft": true,
      "useCrafteRateMultiplier": true,
      "craftTime": 10.0,
      "defaultskinid": 0
    },
    "explosives": {
      "canCraft": true,
      "useCrafteRateMultiplier": true,
      "craftTime": 5.0,
      "defaultskinid": 0
    },
    "gunpowder": {
      "canCraft": true,
      "useCrafteRateMultiplier": true,
      "craftTime": 2.0,
      "defaultskinid": 0
    },
    "lowgradefuel": {
      "canCraft": true,
      "useCrafteRateMultiplier": true,
      "craftTime": 5.0,
      "defaultskinid": 0
    },
    "tool.binoculars": {
      "canCraft": true,
      "useCrafteRateMultiplier": true,
      "craftTime": 30.0,
      "defaultskinid": 0
    },
    "explosive.timed": {
      "canCraft": true,
      "useCrafteRateMultiplier": true,
      "craftTime": 30.0,
      "defaultskinid": 0
    },
    "rf.detonator": {
      "canCraft": true,
      "useCrafteRateMultiplier": true,
      "craftTime": 30.0,
      "defaultskinid": 0
    },
    "flare": {
      "canCraft": true,
      "useCrafteRateMultiplier": true,
      "craftTime": 1.0,
      "defaultskinid": 0
    },
    "flashlight.held": {
      "canCraft": true,
      "useCrafteRateMultiplier": true,
      "craftTime": 30.0,
      "defaultskinid": 0
    },
    "hosetool": {
      "canCraft": true,
      "useCrafteRateMultiplier": true,
      "craftTime": 1.0,
      "defaultskinid": 0
    },
    "largemedkit": {
      "canCraft": true,
      "useCrafteRateMultiplier": true,
      "craftTime": 30.0,
      "defaultskinid": 0
    },
    "syringe.medical": {
      "canCraft": true,
      "useCrafteRateMultiplier": true,
      "craftTime": 20.0,
      "defaultskinid": 0
    },
    "rf_pager": {
      "canCraft": true,
      "useCrafteRateMultiplier": true,
      "craftTime": 20.0,
      "defaultskinid": 0
    },
    "building.planner": {
      "canCraft": true,
      "useCrafteRateMultiplier": true,
      "craftTime": 30.0,
      "defaultskinid": 0
    },
    "surveycharge": {
      "canCraft": true,
      "useCrafteRateMultiplier": true,
      "craftTime": 15.0,
      "defaultskinid": 0
    },
    "wiretool": {
      "canCraft": true,
      "useCrafteRateMultiplier": true,
      "craftTime": 1.0,
      "defaultskinid": 0
    },
    "vehicle.1mod.cockpit": {
      "canCraft": true,
      "useCrafteRateMultiplier": true,
      "craftTime": 30.0,
      "defaultskinid": 0
    },
    "vehicle.1mod.cockpit.armored": {
      "canCraft": true,
      "useCrafteRateMultiplier": true,
      "craftTime": 30.0,
      "defaultskinid": 0
    },
    "vehicle.1mod.cockpit.with.engine": {
      "canCraft": true,
      "useCrafteRateMultiplier": true,
      "craftTime": 30.0,
      "defaultskinid": 0
    },
    "vehicle.1mod.engine": {
      "canCraft": true,
      "useCrafteRateMultiplier": true,
      "craftTime": 30.0,
      "defaultskinid": 0
    },
    "vehicle.1mod.flatbed": {
      "canCraft": true,
      "useCrafteRateMultiplier": true,
      "craftTime": 30.0,
      "defaultskinid": 0
    },
    "vehicle.1mod.passengers.armored": {
      "canCraft": true,
      "useCrafteRateMultiplier": true,
      "craftTime": 30.0,
      "defaultskinid": 0
    },
    "vehicle.1mod.rear.seats": {
      "canCraft": true,
      "useCrafteRateMultiplier": true,
      "craftTime": 30.0,
      "defaultskinid": 0
    },
    "vehicle.1mod.storage": {
      "canCraft": true,
      "useCrafteRateMultiplier": true,
      "craftTime": 30.0,
      "defaultskinid": 0
    },
    "vehicle.2mod.flatbed": {
      "canCraft": true,
      "useCrafteRateMultiplier": true,
      "craftTime": 30.0,
      "defaultskinid": 0
    },
    "vehicle.2mod.fuel.tank": {
      "canCraft": true,
      "useCrafteRateMultiplier": true,
      "craftTime": 30.0,
      "defaultskinid": 0
    },
    "vehicle.2mod.passengers": {
      "canCraft": true,
      "useCrafteRateMultiplier": true,
      "craftTime": 30.0,
      "defaultskinid": 0
    },
    "weapon.mod.flashlight": {
      "canCraft": true,
      "useCrafteRateMultiplier": true,
      "craftTime": 30.0,
      "defaultskinid": 0
    },
    "weapon.mod.holosight": {
      "canCraft": true,
      "useCrafteRateMultiplier": true,
      "craftTime": 120.0,
      "defaultskinid": 0
    },
    "weapon.mod.lasersight": {
      "canCraft": true,
      "useCrafteRateMultiplier": true,
      "craftTime": 60.0,
      "defaultskinid": 0
    },
    "weapon.mod.muzzleboost": {
      "canCraft": true,
      "useCrafteRateMultiplier": true,
      "craftTime": 120.0,
      "defaultskinid": 0
    },
    "weapon.mod.muzzlebrake": {
      "canCraft": true,
      "useCrafteRateMultiplier": true,
      "craftTime": 120.0,
      "defaultskinid": 0
    },
    "weapon.mod.simplesight": {
      "canCraft": true,
      "useCrafteRateMultiplier": true,
      "craftTime": 60.0,
      "defaultskinid": 0
    },
    "weapon.mod.silencer": {
      "canCraft": true,
      "useCrafteRateMultiplier": true,
      "craftTime": 120.0,
      "defaultskinid": 0
    },
    "weapon.mod.small.scope": {
      "canCraft": true,
      "useCrafteRateMultiplier": true,
      "craftTime": 120.0,
      "defaultskinid": 0
    },
    "rifle.ak": {
      "canCraft": true,
      "useCrafteRateMultiplier": true,
      "craftTime": 90.0,
      "defaultskinid": 0
    },
    "bandage": {
      "canCraft": true,
      "useCrafteRateMultiplier": true,
      "craftTime": 5.0,
      "defaultskinid": 0
    },
    "grenade.beancan": {
      "canCraft": true,
      "useCrafteRateMultiplier": true,
      "craftTime": 30.0,
      "defaultskinid": 0
    },
    "rifle.bolt": {
      "canCraft": true,
      "useCrafteRateMultiplier": true,
      "craftTime": 90.0,
      "defaultskinid": 0
    },
    "bone.club": {
      "canCraft": true,
      "useCrafteRateMultiplier": true,
      "craftTime": 10.0,
      "defaultskinid": 0
    },
    "knife.bone": {
      "canCraft": true,
      "useCrafteRateMultiplier": true,
      "craftTime": 30.0,
      "defaultskinid": 0
    },
    "bow.hunting": {
      "canCraft": true,
      "useCrafteRateMultiplier": true,
      "craftTime": 30.0,
      "defaultskinid": 0
    },
    "chainsaw": {
      "canCraft": true,
      "useCrafteRateMultiplier": true,
      "craftTime": 30.0,
      "defaultskinid": 0
    },
    "salvaged.cleaver": {
      "canCraft": true,
      "useCrafteRateMultiplier": true,
      "craftTime": 60.0,
      "defaultskinid": 0
    },
    "bow.compound": {
      "canCraft": true,
      "useCrafteRateMultiplier": true,
      "craftTime": 30.0,
      "defaultskinid": 0
    },
    "crossbow": {
      "canCraft": true,
      "useCrafteRateMultiplier": true,
      "craftTime": 30.0,
      "defaultskinid": 0
    },
    "shotgun.double": {
      "canCraft": true,
      "useCrafteRateMultiplier": true,
      "craftTime": 60.0,
      "defaultskinid": 0
    },
    "pistol.eoka": {
      "canCraft": true,
      "useCrafteRateMultiplier": true,
      "craftTime": 30.0,
      "defaultskinid": 0
    },
    "grenade.f1": {
      "canCraft": true,
      "useCrafteRateMultiplier": true,
      "craftTime": 60.0,
      "defaultskinid": 0
    },
    "flamethrower": {
      "canCraft": true,
      "useCrafteRateMultiplier": true,
      "craftTime": 120.0,
      "defaultskinid": 0
    },
    "hammer": {
      "canCraft": true,
      "useCrafteRateMultiplier": true,
      "craftTime": 15.0,
      "defaultskinid": 0
    },
    "hatchet": {
      "canCraft": true,
      "useCrafteRateMultiplier": true,
      "craftTime": 30.0,
      "defaultskinid": 0
    },
    "knife.combat": {
      "canCraft": true,
      "useCrafteRateMultiplier": true,
      "craftTime": 15.0,
      "defaultskinid": 0
    },
    "mace": {
      "canCraft": true,
      "useCrafteRateMultiplier": true,
      "craftTime": 60.0,
      "defaultskinid": 0
    },
    "machete": {
      "canCraft": true,
      "useCrafteRateMultiplier": true,
      "craftTime": 30.0,
      "defaultskinid": 0
    },
    "smg.mp5": {
      "canCraft": true,
      "useCrafteRateMultiplier": true,
      "craftTime": 60.0,
      "defaultskinid": 0
    },
    "pistol.nailgun": {
      "canCraft": true,
      "useCrafteRateMultiplier": true,
      "craftTime": 30.0,
      "defaultskinid": 0
    },
    "paddle": {
      "canCraft": true,
      "useCrafteRateMultiplier": true,
      "craftTime": 30.0,
      "defaultskinid": 0
    },
    "pickaxe": {
      "canCraft": true,
      "useCrafteRateMultiplier": true,
      "craftTime": 60.0,
      "defaultskinid": 0
    },
    "shotgun.waterpipe": {
      "canCraft": true,
      "useCrafteRateMultiplier": true,
      "craftTime": 30.0,
      "defaultskinid": 0
    },
    "pistol.python": {
      "canCraft": true,
      "useCrafteRateMultiplier": true,
      "craftTime": 60.0,
      "defaultskinid": 0
    },
    "pistol.revolver": {
      "canCraft": true,
      "useCrafteRateMultiplier": true,
      "craftTime": 60.0,
      "defaultskinid": 0
    },
    "rock": {
      "canCraft": true,
      "useCrafteRateMultiplier": true,
      "craftTime": 5.0,
      "defaultskinid": 0
    },
    "rocket.launcher": {
      "canCraft": true,
      "useCrafteRateMultiplier": true,
      "craftTime": 60.0,
      "defaultskinid": 0
    },
    "axe.salvaged": {
      "canCraft": true,
      "useCrafteRateMultiplier": true,
      "craftTime": 20.0,
      "defaultskinid": 0
    },
    "hammer.salvaged": {
      "canCraft": true,
      "useCrafteRateMultiplier": true,
      "craftTime": 30.0,
      "defaultskinid": 0
    },
    "icepick.salvaged": {
      "canCraft": true,
      "useCrafteRateMultiplier": true,
      "craftTime": 60.0,
      "defaultskinid": 0
    },
    "explosive.satchel": {
      "canCraft": true,
      "useCrafteRateMultiplier": true,
      "craftTime": 30.0,
      "defaultskinid": 0
    },
    "shotgun.pump": {
      "canCraft": true,
      "useCrafteRateMultiplier": true,
      "craftTime": 60.0,
      "defaultskinid": 0
    },
    "pistol.semiauto": {
      "canCraft": true,
      "useCrafteRateMultiplier": true,
      "craftTime": 30.0,
      "defaultskinid": 0
    },
    "rifle.semiauto": {
      "canCraft": true,
      "useCrafteRateMultiplier": true,
      "craftTime": 30.0,
      "defaultskinid": 0
    },
    "smg.2": {
      "canCraft": true,
      "useCrafteRateMultiplier": true,
      "craftTime": 60.0,
      "defaultskinid": 0
    },
    "stonehatchet": {
      "canCraft": true,
      "useCrafteRateMultiplier": true,
      "craftTime": 30.0,
      "defaultskinid": 0
    },
    "stone.pickaxe": {
      "canCraft": true,
      "useCrafteRateMultiplier": true,
      "craftTime": 30.0,
      "defaultskinid": 0
    },
    "spear.stone": {
      "canCraft": true,
      "useCrafteRateMultiplier": true,
      "craftTime": 45.0,
      "defaultskinid": 0
    },
    "longsword": {
      "canCraft": true,
      "useCrafteRateMultiplier": true,
      "craftTime": 60.0,
      "defaultskinid": 0
    },
    "salvaged.sword": {
      "canCraft": true,
      "useCrafteRateMultiplier": true,
      "craftTime": 60.0,
      "defaultskinid": 0
    },
    "smg.thompson": {
      "canCraft": true,
      "useCrafteRateMultiplier": true,
      "craftTime": 60.0,
      "defaultskinid": 0
    },
    "toolgun": {
      "canCraft": true,
      "useCrafteRateMultiplier": true,
      "craftTime": 15.0,
      "defaultskinid": 0
    },
    "torch": {
      "canCraft": true,
      "useCrafteRateMultiplier": true,
      "craftTime": 30.0,
      "defaultskinid": 0
    },
    "bucket.water": {
      "canCraft": true,
      "useCrafteRateMultiplier": true,
      "craftTime": 30.0,
      "defaultskinid": 0
    },
    "spear.wooden": {
      "canCraft": true,
      "useCrafteRateMultiplier": true,
      "craftTime": 30.0,
      "defaultskinid": 0
    },
    "horse.armor.roadsign": {
      "canCraft": true,
      "useCrafteRateMultiplier": true,
      "craftTime": 30.0,
      "defaultskinid": 0
    },
    "horse.armor.wood": {
      "canCraft": true,
      "useCrafteRateMultiplier": true,
      "craftTime": 30.0,
      "defaultskinid": 0
    },
    "horse.saddlebag": {
      "canCraft": true,
      "useCrafteRateMultiplier": true,
      "craftTime": 30.0,
      "defaultskinid": 0
    },
    "horse.shoes.advanced": {
      "canCraft": true,
      "useCrafteRateMultiplier": true,
      "craftTime": 30.0,
      "defaultskinid": 0
    },
    "horse.shoes.basic": {
      "canCraft": true,
      "useCrafteRateMultiplier": true,
      "craftTime": 30.0,
      "defaultskinid": 0
    },
    "elevator": {
      "canCraft": true,
      "useCrafteRateMultiplier": true,
      "craftTime": 30.0,
      "defaultskinid": 0
    },
    "secretlabchair": {
      "canCraft": true,
      "useCrafteRateMultiplier": true,
      "craftTime": 30.0,
      "defaultskinid": 0
    }
  }
}