{
  "Ban - Broadcast": true,
  "Ban - Default Reason": "Banned",
  "Ban - Evade": true,
  "Ban - Evade Reason": "Ban Evade",
  "Ban - Log": true,
  "DataType - Files - use": false,
  "DataType - MySQL - Database": "banlist",
  "DataType - MySQL - Host": "localhost",
  "DataType - MySQL - Pass": "toor",
  "DataType - MySQL - Port": 3306,
  "DataType - MySQL - use": false,
  "DataType - MySQL - User": "root",
  "DataType - Native - use": false,
  "DataType - PlayerDatabase - IP Filename": "EnhancedBanSystem_IPs.json",
  "DataType - PlayerDatabase - use": false,
  "DataType - SQLite - Database Filename": "banlist.db",
  "DataType - SQLite - use": false,
  "DataType - WebAPI - Banlist": "http://webpage.com/banlist.php?startid={startid}",
  "DataType - WebAPI - Host": "http://webpage.com/api.php?action=ban&pass=mypassword&id={id}&steamid={steamid}&name={name}&ip={ip}&reason={reason}&source={source}&game={game}&platform={platform}&server={server}&tempban={expiration}",
  "DataType - WebAPI - IsBanned": "http://webpage.com/api.php?action=isbanned&pass=mypassword&id={id}&update={update}&steamid={steamid}&ip={ip}&time={time}&name={name}&game=Rust&server=rust.kortal.org:28015",
  "DataType - WebAPI - Unban": "http://webpage.com/api.php?action=unban&pass=mypassword&steamid={steamid}&name={name}&ip={ip}&name={name}&source={source}",
  "DataType - WebAPI - use": false,
  "Denied Connection - Log": true,
  "DiscordMessages - Discord Webhook": "https://support.discordapp.com/hc/en-us/articles/228383668-Intro-to-Webhooks",
  "DiscordMessages - Use Discord": false,
  "Kick - Broadcast": true,
  "Kick - Log": true,
  "Kick - On Ban": true,
  "Permissions - Ban": "enhancedbansystem.ban",
  "Permissions - Banlist": "enhancedbansystem.banlist",
  "Permissions - Kick": "enhancedbansystem.kick",
  "Permissions - Unban": "enhancedbansystem.unban",
  "Server Info - Game": "Rust",
  "Server Info - IP:PORT": "1.1.1.1:28015",
  "Server Info - Platform": "Steam"
}