{
  "Text Display Frequency (Seconds)": 0.3,
  "Enable Messages Cyclicity": false,
  "Use Random Cyclicity (Instead of sequential)": false,
  "Cycle Messages Every ~N Seconds": 3.0,
  "Messages": [
    {
      "Top Status": "<color=#ffff00>Welcome to BustYourRust! x3</color>",
      "Bottom Status": "<color=#add8e6>Solo/Duo Only</color>"
    },
    {
      "Top Status": "<color=#ffff00>No P2W, No VIP</color>",
      "Bottom Status": "<color=#add8e6>Solo/Duo Only</color>"
    },
    {
      "Top Status": "<color=#add8e6>Mods:</color>",
      "Bottom Status": "<color=#ffff00>Furnacesplitter, 5 min nights, 3x everything.</color>"
    }
  ],
  "Enable Queue Messages": false,
  "Queue Messages": [
    {
      "Top Status": "<color=##ffff00>You're in queue...</color>",
      "Bottom Status": "<color=#add8e6>{AHEAD} players ahead of you.</color>"
    },
    {
      "Top Status": "<color=#add8e6>You're in queue...</color>",
      "Bottom Status": "<color=#ffff00>{BEHIND} players behind you.</color>"
    }
  ],
  "QueuePosition": null,
  "Last Message (When entering game)": {
    "Top Status": "<color=#ffff00>Welcome to our server!</color>",
    "Bottom Status": "<color=#008000>Entering game...</color>"
  }
}