{
  "First Connection - activated": true,
  "First Connection - Permission - authlevel - Rust ONLY": 1,
  "First Connection - Permission - oxide permission": "playerinformations.firstconnection",
  "IP Logs - activated": true,
  "IP Logs - Max Logs per player": 5,
  "IP Logs - Permission - authlevel - Rust ONLY": 1,
  "IP Logs - Permission - oxide permission": "playerinformations.ips",
  "Last Position - activated": true,
  "Last Position - Permission - authlevel - Rust ONLY": 1,
  "Last Position - Permission - oxide permission": "playerinformations.lastposition",
  "Last Seen - activated": true,
  "Last Seen - Permission - authlevel - Rust ONLY": 1,
  "Last Seen - Permission - oxide permission": "playerinformations.lastseen",
  "Names Logs - activated": true,
  "Names Logs - Max Logs per player": 5,
  "Names Logs - Permission - authlevel - Rust ONLY": 1,
  "Names Logs - Permission - oxide permission": "playerinformations.names",
  "Time Played - activated": true,
  "Time Played - Permission - authlevel - Rust ONLY": 0,
  "Time Played - Permission - oxide permission": "playerinformations.timeplayed"
}