{
  "Use Permission": false,
  "Speed Multipliers": {
    "global": 2.5,
    "furnace.shortname": 1.0
  },
  "Fuel Usage Speed Multipliers": {
    "global": 2.5,
    "furnace.shortname": 1.0
  },
  "Fuel Usage Multipliers": {
    "global": 1,
    "furnace.shortname": 1
  },
  "Output Multipliers": {
    "global": {
      "global": 1.0
    },
    "furnace.shortname": {
      "item.shortname": 1.0
    }
  },
  "Whitelist": {
    "global": [
      "item.shortname"
    ],
    "furnace.shortname": [
      "item.shortname"
    ]
  },
  "Blacklist": {
    "global": [
      "item.shortname"
    ],
    "furnace.shortname": [
      "item.shortname"
    ]
  },
  "Smelting Frequencies (Smelt items every N smelting ticks)": {
    "global": 1,
    "furnace.shortname": 1
  },
  "Debug": false
}