{
  "Chat Prefix": "<color=#787FFF>Bot </color>",
  "Show Chat Prefix": true,
  "Bot Icon (SteamID)": 0,
  "Cooldown Between Auto Responses For User": "10s",
  "Global Cooldown Between Auto Responses": "2s",
  "Use Default Chat (0), Chat Plus (1), Better Chat (2)": 0,
  "Debug": false,
  "Allow Multiple Auto Responses": false,
  "Minimal Time Between Message And Answer": 1.0,
  "Maximal Time Between Message And Answer": 3.0,
  "Welcome Message": [
    "Welcome, {name}!",
    "Hello, dear {name}!",
    "Hello, {name}! Your IP: { ip }"
  ],
  "Welcome Message Enabled": false,
  "Joining Message": [
    "Welcome, {name} ({id}, { ip })!",
    "Hello, dear {name} ({id}, { ip })!",
    "{name} came from {country} ({countrycode})"
  ],
  "Leaving Message": [
    "Bye, {name} ({id}, { ip })!\nReason: {reason}",
    "{name} ({id}, { ip }) left the game. Reason: {reason}",
    "{name} from {country} ({countrycode}) just left the game!"
  ],
  "Joining Message Enabled": false,
  "Leaving Message Enabled": false,
  "Show Joining Message To Player That Joined": false,
  "Show Leaving Message To Player That Left": false,
  "Auto Messages": [
    {
      "Permission": "smartchatbot.messages",
      "Message Frequency": "15m",
      "Auto Messages": [
        {
          "Is Enabled": true,
          "Message": "Server Wipes Friday 6PM CEST. Map wipe. Info & Player Reports -> https://discord.gg/8GvhPwt "
        }
      ]
    }
  ],
  "Auto Responses": [
    {
      "Permission": "smartchatbot.response",
      "Auto Responses": [
        {
          "Is Enabled": false,
          "Remove Message From Sender": false,
          "Send Response For Everyone (true) or Only For Sender (false)": true,
          "Triggers": [
            {
              "Percentage Of Contained Words": 0.75,
              "Regex Enabled": false,
              "Words": [
                "How",
                "this",
                "bot",
                "works"
              ]
            }
          ],
          "Answers": [
            "This bot really works.",
            "IT WORKS OMG!"
          ]
        }
      ]
    }
  ]
}