{
  "version": 2256,
  "AllItemsAvailable": {
    "hat.wolf": "Wolf Headdress",
    "fogmachine": "Fogger-3000",
    "strobelight": "Strobe Light",
    "kayak": "Kayak",
    "minihelicopter.repair": "MC repair",
    "scraptransportheli.repair": "ScrapTransportHeliRepair",
    "ammo.grenadelauncher.buckshot": "40mm Shotgun Round",
    "ammo.grenadelauncher.he": "40mm HE Grenade",
    "ammo.grenadelauncher.smoke": "40mm Smoke Grenade",
    "arrow.hv": "High Velocity Arrow",
    "arrow.wooden": "Wooden Arrow",
    "arrow.bone": "Bone Arrow",
    "arrow.fire": "Fire Arrow",
    "ammo.handmade.shell": "Handmade Shell",
    "ammo.nailgun.nails": "Nailgun Nails",
    "ammo.pistol": "Pistol Bullet",
    "ammo.pistol.fire": "Incendiary Pistol Bullet",
    "ammo.pistol.hv": "HV Pistol Ammo",
    "ammo.rifle": "5.56 Rifle Ammo",
    "ammo.rifle.explosive": "Explosive 5.56 Rifle Ammo",
    "ammo.rifle.incendiary": "Incendiary 5.56 Rifle Ammo",
    "ammo.rifle.hv": "HV 5.56 Rifle Ammo",
    "ammo.rocket.basic": "Rocket",
    "ammo.rocket.fire": "Incendiary Rocket",
    "ammo.rocket.hv": "High Velocity Rocket",
    "ammo.rocket.smoke": "Smoke Rocket WIP!!!!",
    "ammo.shotgun": "12 Gauge Buckshot",
    "ammo.shotgun.fire": "12 Gauge Incendiary Shell",
    "ammo.shotgun.slug": "12 Gauge Slug",
    "door.double.hinged.metal": "Sheet Metal Double Door",
    "door.double.hinged.toptier": "Armored Double Door",
    "door.double.hinged.wood": "Wood Double Door",
    "door.hinged.metal": "Sheet Metal Door",
    "door.hinged.toptier": "Armored Door",
    "door.hinged.wood": "Wooden Door",
    "floor.grill": "Floor grill",
    "floor.ladder.hatch": "Ladder Hatch",
    "floor.triangle.grill": "Floor triangle grill",
    "floor.triangle.ladder.hatch": "Triangle Ladder Hatch",
    "gates.external.high.stone": "High External Stone Gate",
    "gates.external.high.wood": "High External Wooden Gate",
    "ladder.wooden.wall": "Wooden Ladder",
    "wall.external.high.stone": "High External Stone Wall",
    "wall.external.high": "High External Wooden Wall",
    "wall.frame.cell.gate": "Prison Cell Gate",
    "wall.frame.cell": "Prison Cell Wall",
    "wall.frame.fence.gate": "Chainlink Fence Gate",
    "wall.frame.fence": "Chainlink Fence",
    "wall.frame.garagedoor": "Garage Door",
    "wall.frame.netting": "Netting",
    "wall.frame.shopfront": "Shop Front",
    "wall.frame.shopfront.metal": "Metal Shop Front",
    "wall.window.bars.metal": "Metal Window Bars",
    "wall.window.bars.toptier": "Reinforced Window Bars",
    "wall.window.bars.wood": "Wooden Window Bars",
    "shutter.metal.embrasure.a": "Metal horizontal embrasure",
    "shutter.metal.embrasure.b": "Metal Vertical embrasure",
    "wall.window.glass.reinforced": "Reinforced Glass Window",
    "shutter.wood.a": "Wood Shutters",
    "watchtower.wood": "Watch Tower",
    "diving.fins": "Diving Fins",
    "diving.mask": "Diving Mask",
    "diving.tank": "Diving Tank",
    "diving.wetsuit": "Wetsuit",
    "boots.frog": "Frog Boots",
    "barrelcostume": "A Barrel Costume",
    "cratecostume": "Crate Costume",
    "burlap.gloves.new": "Burlap Gloves",
    "burlap.gloves": "Leather Gloves",
    "roadsign.gloves": "Roadsign Gloves",
    "tactical.gloves": "Tactical Gloves",
    "halloween.mummysuit": "Mummy Suit",
    "scarecrow.suit": "Scarecrow Suit",
    "scarecrowhead": "Scarecrow Wrap",
    "attire.hide.helterneck": "Hide Halterneck",
    "hat.beenie": "Beenie Hat",
    "hat.boonie": "Boonie Hat",
    "bucket.helmet": "Bucket Helmet",
    "burlap.headwrap": "Burlap Headwrap",
    "hat.candle": "Candle Hat",
    "hat.cap": "Baseball Cap",
    "clatter.helmet": "Clatter Helmet",
    "coffeecan.helmet": "Coffee Can Helmet",
    "deer.skull.mask": "Bone Helmet",
    "heavy.plate.helmet": "Heavy Plate Helmet",
    "hat.miner": "Miners Hat",
    "partyhat": "Party Hat",
    "riot.helmet": "Riot Helmet",
    "wood.armor.helmet": "Wood Armor Helmet",
    "hoodie": "Hoodie",
    "bone.armor.suit": "Bone Armor",
    "heavy.plate.jacket": "Heavy Plate Jacket",
    "jacket.snow": "Snow Jacket",
    "jacket": "Jacket",
    "wood.armor.jacket": "Wood Chestplate",
    "mask.balaclava": "Improvised Balaclava",
    "mask.bandana": "Bandana Mask",
    "metal.facemask": "Metal Facemask",
    "nightvisiongoggles": "Night Vision Goggles",
    "burlap.trousers": "Burlap Trousers",
    "heavy.plate.pants": "Heavy Plate Pants",
    "attire.hide.pants": "Hide Pants",
    "roadsign.kilt": "Road Sign Kilt",
    "pants.shorts": "Shorts",
    "wood.armor.pants": "Wood Armor Pants",
    "pants": "Pants",
    "attire.hide.poncho": "Hide Poncho",
    "burlap.shirt": "Burlap Shirt",
    "shirt.collared": "Shirt",
    "attire.hide.vest": "Hide Vest",
    "shirt.tanktop": "Tank Top",
    "shoes.boots": "Boots",
    "burlap.shoes": "Burlap Shoes",
    "attire.hide.boots": "Hide Boots",
    "attire.hide.skirt": "Hide Skirt",
    "attire.banditguard": "Bandit Guard Gear",
    "hazmatsuit": "Hazmat Suit",
    "hazmatsuit_scientist": "Scientist Suit",
    "hazmatsuit_scientist_peacekeeper": "Scientist Suit",
    "scientistsuit_heavy": "Heavy Scientist Suit",
    "tshirt.long": "Longsleeve T-Shirt",
    "tshirt": "T-Shirt",
    "metal.plate.torso": "Metal Chest Plate",
    "roadsign.jacket": "Road Sign Jacket",
    "bleach": "Bleach",
    "ducttape": "Duct Tape",
    "carburetor1": "Low Quality Carburetor",
    "carburetor2": "Medium Quality Carburetor",
    "carburetor3": "High Quality Carburetor",
    "crankshaft1": "Low Quality Crankshaft",
    "crankshaft2": "Medium Quality Crankshaft",
    "crankshaft3": "High Quality Crankshaft",
    "piston1": "Low Quality Pistons",
    "piston2": "Medium Quality Pistons",
    "piston3": "High Quality Pistons",
    "sparkplug1": "Low Quality Spark Plugs",
    "sparkplug2": "Medium Quality Spark Plugs",
    "sparkplug3": "High Quality Spark Plugs",
    "valve1": "Low Quality Valves",
    "valve2": "Medium Quality Valves",
    "valve3": "High Quality Valves",
    "fuse": "Electric Fuse",
    "gears": "Gears",
    "glue": "Glue",
    "metalblade": "Metal Blade",
    "metalpipe": "Metal Pipe",
    "propanetank": "Empty Propane Tank",
    "roadsigns": "Road Signs",
    "rope": "Rope",
    "sewingkit": "Sewing Kit",
    "sheetmetal": "Sheet Metal",
    "metalspring": "Metal Spring",
    "sticks": "Sticks",
    "tarp": "Tarp",
    "techparts": "Tech Trash",
    "riflebody": "Rifle Body",
    "semibody": "Semi Automatic Body",
    "smgbody": "SMG Body",
    "barricade.concrete": "Concrete Barricade",
    "barricade.wood.cover": "Wooden Barricade Cover",
    "barricade.metal": "Metal Barricade",
    "barricade.sandbags": "Sandbag Barricade",
    "barricade.stone": "Stone Barricade",
    "barricade.wood": "Wooden Barricade",
    "barricade.woodwire": "Barbed Wooden Barricade",
    "bbq": "Barbeque",
    "trap.bear": "Snap Trap",
    "bed": "Bed",
    "campfire": "Camp Fire",
    "ceilinglight": "Ceiling Light",
    "chair": "Chair",
    "composter": "Composter",
    "computerstation": "Computer Station",
    "dropbox": "Drop Box",
    "fireplace.stone": "Stone Fireplace",
    "firework.boomer.blue": "Blue Boomer",
    "firework.boomer.champagne": "Champagne Boomer",
    "firework.boomer.green": "Green Boomer",
    "firework.boomer.orange": "Orange Boomer",
    "firework.boomer.red": "Red Boomer",
    "firework.boomer.violet": "Violet Boomer",
    "firework.romancandle.blue": "Blue Roman Candle",
    "firework.romancandle.green": "Green Roman Candle",
    "firework.romancandle.red": "Red Roman Candle",
    "firework.romancandle.violet": "Violet Roman Candle",
    "firework.volcano": "White Volcano Firework",
    "firework.volcano.red": "Red Volcano Firework",
    "firework.volcano.violet": "Violet Volcano Firework",
    "spikes.floor": "Wooden Floor Spikes",
    "fridge": "Fridge",
    "furnace.large": "Large Furnace",
    "furnace": "Furnace",
    "hitchtroughcombo": "Hitch & Trough",
    "habrepair": "Hab Repair",
    "jackolantern.angry": "Jack O Lantern Angry",
    "jackolantern.happy": "Jack O Lantern Happy",
    "trap.landmine": "Land Mine",
    "lantern": "Lantern",
    "box.wooden.large": "Large Wood Box",
    "water.barrel": "Water Barrel",
    "locker": "Locker",
    "mailbox": "Mail Box",
    "mixingtable": "Mixing Table",
    "modularcarlift": "Modular Car Lift",
    "mining.pumpjack": "Pump Jack",
    "small.oil.refinery": "Small Oil Refinery",
    "planter.large": "Large Planter Box",
    "planter.small": "Small Planter Box",
    "electric.audioalarm": "Audio Alarm",
    "smart.alarm": "Smart Alarm",
    "smart.switch": "Smart Switch",
    "storage.monitor": "Storage Monitor",
    "electric.battery.rechargable.large": "Large Rechargable Battery",
    "electric.battery.rechargable.medium": "Medium Rechargable Battery",
    "electric.battery.rechargable.small": "Small Rechargable Battery",
    "electric.button": "Button",
    "electric.counter": "Counter",
    "electric.hbhfsensor": "HBHF Sensor",
    "electric.laserdetector": "Laser Detector",
    "electric.pressurepad": "Pressure Pad",
    "electric.doorcontroller": "Door Controller",
    "electric.heater": "Electric Heater",
    "fluid.combiner": "Fluid Combiner",
    "fluid.splitter": "Fluid Splitter",
    "fluid.switch": "Fluid Switch & Pump",
    "electric.andswitch": "AND Switch",
    "electric.blocker": "Blocker",
    "electrical.branch": "Electrical Branch",
    "electrical.combiner": "Root Combiner",
    "electrical.memorycell": "Memory Cell",
    "electric.orswitch": "OR Switch",
    "electric.random.switch": "RAND Switch",
    "electric.rf.broadcaster": "RF Broadcaster",
    "electric.rf.receiver": "RF Receiver",
    "electric.xorswitch": "XOR Switch",
    "electric.fuelgenerator.small": "Small Generator",
    "electric.generator.small": "Test Generator",
    "electric.solarpanel.large": "Large Solar Panel",
    "electric.igniter": "Igniter",
    "electric.flasherlight": "Flasher Light",
    "electric.simplelight": "Simple Light",
    "electric.sirenlight": "Siren Light",
    "powered.water.purifier": "Powered Water Purifier",
    "electric.switch": "Switch",
    "electric.splitter": "Splitter",
    "electric.sprinkler": "Sprinkler",
    "electric.teslacoil": "Tesla Coil",
    "electric.timer": "Timer",
    "electric.cabletunnel": "Cable Tunnel",
    "waterpump": "Water Pump",
    "mining.quarry": "Mining Quarry",
    "target.reactive": "Reactive Target",
    "box.repair.bench": "Repair Bench",
    "research.table": "Research Table",
    "rug.bear": "Rug Bear Skin",
    "rug": "Rug",
    "searchlight": "Search Light",
    "shelves": "Salvaged Shelves",
    "sign.hanging.banner.large": "Large Banner Hanging",
    "sign.hanging": "Two Sided Hanging Sign",
    "sign.hanging.ornate": "Two Sided Ornate Hanging Sign",
    "sign.pictureframe.landscape": "Landscape Picture Frame",
    "sign.pictureframe.portrait": "Portrait Picture Frame",
    "sign.pictureframe.tall": "Tall Picture Frame",
    "sign.pictureframe.xl": "XL Picture Frame",
    "sign.pictureframe.xxl": "XXL Picture Frame",
    "sign.pole.banner.large": "Large Banner on pole",
    "sign.post.double": "Double Sign Post",
    "sign.post.single": "Single Sign Post",
    "sign.post.town": "One Sided Town Sign Post",
    "sign.post.town.roof": "Two Sided Town Sign Post",
    "sign.wooden.huge": "Huge Wooden Sign",
    "sign.wooden.large": "Large Wooden Sign",
    "sign.wooden.medium": "Medium Wooden Sign",
    "sign.wooden.small": "Small Wooden Sign",
    "guntrap": "Shotgun Trap",
    "sleepingbag": "Sleeping Bag",
    "stash.small": "Small Stash",
    "spinner.wheel": "Spinning wheel",
    "fishtrap.small": "Survival Fish Trap",
    "table": "Table",
    "workbench1": "Work Bench Level 1",
    "workbench2": "Work Bench Level 2",
    "workbench3": "Work Bench Level 3",
    "cupboard.tool": "Tool Cupboard",
    "tunalight": "Tuna Can Lamp",
    "vending.machine": "Vending Machine",
    "water.catcher.large": "Large Water Catcher",
    "water.catcher.small": "Small Water Catcher",
    "water.purifier": "Water Purifier",
    "generator.wind.scrap": "Wind Turbine",
    "box.wooden": "Wood Storage Box",
    "apple": "Apple",
    "apple.spoiled": "Rotten Apple",
    "black.raspberries": "Black Raspberries",
    "blueberries": "Blueberries",
    "botabag": "Bota Bag",
    "cactusflesh": "Cactus Flesh",
    "can.beans": "Can of Beans",
    "can.tuna": "Can of Tuna",
    "chocholate": "Chocolate Bar",
    "fish.cooked": "Cooked Fish",
    "fish.raw": "Raw Fish",
    "fish.minnows": "Minnows",
    "fish.troutsmall": "Small Trout",
    "granolabar": "Granola Bar",
    "chicken.burned": "Burnt Chicken",
    "chicken.cooked": "Cooked Chicken",
    "chicken.raw": "Raw Chicken Breast",
    "chicken.spoiled": "Spoiled Chicken",
    "deermeat.burned": "Burnt Deer Meat",
    "deermeat.cooked": "Cooked Deer Meat",
    "deermeat.raw": "Raw Deer Meat",
    "horsemeat.burned": "Burnt Horse Meat",
    "horsemeat.cooked": "Cooked Horse Meat",
    "horsemeat.raw": "Raw Horse Meat",
    "humanmeat.burned": "Burnt Human Meat",
    "humanmeat.cooked": "Cooked Human Meat",
    "humanmeat.raw": "Raw Human Meat",
    "humanmeat.spoiled": "Spoiled Human Meat",
    "bearmeat.burned": "Burnt Bear Meat",
    "bearmeat.cooked": "Cooked Bear Meat",
    "bearmeat": "Raw Bear Meat",
    "wolfmeat.burned": "Burnt Wolf Meat",
    "wolfmeat.cooked": "Cooked Wolf Meat",
    "wolfmeat.raw": "Raw Wolf Meat",
    "wolfmeat.spoiled": "Spoiled Wolf Meat",
    "meat.pork.burned": "Burnt Pork",
    "meat.pork.cooked": "Cooked Pork",
    "meat.boar": "Raw Pork",
    "mushroom": "Mushroom",
    "jar.pickle": "Pickles",
    "smallwaterbottle": "Small Water Bottle",
    "waterjug": "Water Jug",
    "fun.bass": "Shovel Bass",
    "fun.cowbell": "Cowbell",
    "drumkit": "Junkyard Drum Kit",
    "fun.flute": "Pan Flute",
    "fun.guitar": "Acoustic Guitar",
    "fun.jerrycanguitar": "Jerry Can Guitar",
    "piano": "Wheelbarrow Piano",
    "fun.tambourine": "Canbourine",
    "fun.trumpet": "Plumber's Trumpet",
    "fun.tuba": "Sousaphone",
    "xylophone": "Xylobone",
    "car.key": "Car Key",
    "door.key": "Door Key",
    "lock.key": "Key Lock",
    "lock.code": "Code Lock",
    "blueprintbase": "Blueprint",
    "chineselantern": "Chinese Lantern",
    "dragondoorknocker": "Dragon Door Knocker",
    "hat.dragonmask": "Dragon Mask",
    "newyeargong": "New Year Gong",
    "hat.ratmask": "Rat Mask",
    "lunar.firecrackers": "Firecracker String",
    "arcade.machine.chippy": "Chippy Arcade Game",
    "door.closer": "Door Closer",
    "attire.bunnyears": "Bunny Ears",
    "attire.bunny.onesie": "Bunny Onesie",
    "easterdoorwreath": "Easter Door Wreath",
    "easterbasket": "Egg Basket",
    "rustige_egg_a": "Rustigé Egg - Red",
    "rustige_egg_b": "Rustigé Egg - Blue",
    "rustige_egg_c": "Rustigé Egg - Purple",
    "rustige_egg_d": "Rustigé Egg - Ivory",
    "attire.nesthat": "Nest Hat",
    "easter.bronzeegg": "Bronze Egg",
    "easter.goldegg": "Gold Egg",
    "easter.paintedeggs": "Painted Egg",
    "easter.silveregg": "Silver Egg",
    "halloween.candy": "Halloween Candy",
    "largecandles": "Large Candle Set",
    "smallcandles": "Small Candle Set",
    "coffin.storage": "Coffin",
    "cursedcauldron": "Cursed Cauldron",
    "gravestone": "Gravestone",
    "woodcross": "Wooden Cross",
    "wall.graveyard.fence": "Graveyard Fence",
    "halloween.lootbag.large": "Large Loot Bag",
    "halloween.lootbag.medium": "Medium Loot Bag",
    "halloween.lootbag.small": "Small Loot Bag",
    "pumpkinbasket": "Pumpkin Bucket",
    "scarecrow": "Scarecrow",
    "skulldoorknocker": "Skull Door Knocker",
    "skull_fire_pit": "Skull Fire Pit",
    "spiderweb": "Spider Webs",
    "spookyspeaker": "Spooky Speaker",
    "halloween.surgeonsuit": "Surgeon Scrubs",
    "note": "Note",
    "skull.human": "Human Skull",
    "abovegroundpool": "Above Ground Pool",
    "beachchair": "Beach Chair",
    "beachparasol": "Beach Parasol",
    "beachtable": "Beach Table",
    "beachtowel": "Beach Towel",
    "boogieboard": "Boogie Board",
    "innertube": "Inner Tube",
    "innertube.horse": "Inner Tube",
    "innertube.unicorn": "Inner Tube",
    "tool.instant_camera": "Instant Camera",
    "paddlingpool": "Paddling Pool",
    "photo": "Photograph",
    "photoframe.landscape": "Landscape Photo Frame",
    "photoframe.large": "Large Photo Frame",
    "photoframe.portrait": "Portrait Photo Frame",
    "sunglasses02black": "Sunglasses",
    "sunglasses02camo": "Sunglasses",
    "sunglasses02red": "Sunglasses",
    "sunglasses03black": "Sunglasses",
    "sunglasses03chrome": "Sunglasses",
    "sunglasses03gold": "Sunglasses",
    "sunglasses": "Sunglasses",
    "gun.water": "Water Gun",
    "pistol.water": "Water Pistol",
    "candycaneclub": "Candy Cane Club",
    "xmas.lightstring": "Christmas Lights",
    "xmas.door.garland": "Festive Doorway Garland",
    "candycane": "Candy Cane",
    "giantcandycanedecor": "Giant Candy Decor",
    "giantlollipops": "Giant Lollipop Decor",
    "pookie.bear": "Pookie Bear",
    "xmas.lightstring.advanced": "Deluxe Christmas Lights",
    "coal": "Coal :(",
    "xmas.present.large": "Large Present",
    "xmas.present.medium": "Medium Present",
    "xmas.present.small": "Small Present",
    "snowmachine": "Snow Machine",
    "snowball": "Snowball",
    "snowman": "Snowman",
    "stocking.large": "SUPER Stocking",
    "stocking.small": "Small Stocking",
    "attire.reindeer.headband": "Reindeer Antlers",
    "santabeard": "Santa Beard",
    "santahat": "Santa Hat",
    "xmas.window.garland": "Festive Window Garland",
    "wrappedgift": "Wrapped Gift",
    "wrappingpaper": "Wrapping Paper",
    "xmasdoorwreath": "Christmas Door Wreath",
    "xmas.decoration.baubels": "Decorative Baubels",
    "xmas.decoration.candycanes": "Decorative Plastic Candy Canes",
    "xmas.decoration.gingerbreadmen": "Decorative Gingerbread Men",
    "xmas.decoration.lights": "Tree Lights",
    "xmas.decoration.pinecone": "Decorative Pinecones",
    "xmas.decoration.star": "Star Tree Topper",
    "xmas.decoration.tinsel": "Decorative Tinsel",
    "xmas.tree": "Christmas Tree",
    "autoturret": "Auto Turret",
    "flameturret": "Flame Turret",
    "gloweyes": "Glowing Eyes",
    "ammo.rocket.sam": "SAM Ammo",
    "samsite": "SAM Site",
    "black.berry": "Black Berry",
    "clone.black.berry": "Black Berry Clone",
    "seed.black.berry": "Black Berry Seed",
    "blue.berry": "Blue Berry",
    "clone.blue.berry": "Blue Berry Clone",
    "seed.blue.berry": "Blue Berry Seed",
    "green.berry": "Green Berry",
    "clone.green.berry": "Green Berry Clone",
    "seed.green.berry": "Green Berry Seed",
    "red.berry": "Red Berry",
    "clone.red.berry": "Red Berry Clone",
    "seed.red.berry": "Red Berry Seed",
    "white.berry": "White Berry",
    "clone.white.berry": "White Berry Clone",
    "seed.white.berry": "White Berry Seed",
    "yellow.berry": "Yellow Berry",
    "clone.yellow.berry": "Yellow Berry Clone",
    "seed.yellow.berry": "Yellow Berry Seed",
    "corn": "Corn",
    "clone.corn": "Corn Clone",
    "seed.corn": "Corn Seed",
    "clone.hemp": "Hemp Clone",
    "seed.hemp": "Hemp Seed",
    "potato": "Potato",
    "clone.potato": "Potato Clone",
    "seed.potato": "Potato Seed",
    "pumpkin": "Pumpkin",
    "clone.pumpkin": "Pumpkin Plant Clone",
    "seed.pumpkin": "Pumpkin Seed",
    "fat.animal": "Animal Fat",
    "battery.small": "Battery - Small",
    "blood": "Blood",
    "bone.fragments": "Bone Fragments",
    "cctv.camera": "CCTV Camera",
    "charcoal": "Charcoal",
    "cloth": "Cloth",
    "crude.oil": "Crude Oil",
    "diesel_barrel": "Diesel Fuel",
    "can.beans.empty": "Empty Can Of Beans",
    "can.tuna.empty": "Empty Tuna Can",
    "explosives": "Explosives",
    "fertilizer": "Fertilizer",
    "gunpowder": "Gun Powder",
    "horsedung": "Horse Dung",
    "hq.metal.ore": "High Quality Metal Ore",
    "metal.refined": "High Quality Metal",
    "leather": "Leather",
    "lowgradefuel": "Low Grade Fuel",
    "metal.fragments": "Metal Fragments",
    "metal.ore": "Metal Ore",
    "paper": "Paper",
    "plantfiber": "Plant Fiber",
    "researchpaper": "Research Paper",
    "water.salt": "Salt Water",
    "scrap": "Scrap",
    "stones": "Stones",
    "sulfur.ore": "Sulfur Ore",
    "sulfur": "Sulfur",
    "targeting.computer": "Targeting Computer",
    "water": "Water",
    "skull.wolf": "Wolf Skull",
    "wood": "Wood",
    "healingtea.advanced": "Advanced Healing Tea",
    "healingtea": "Basic Healing Tea",
    "healingtea.pure": "Pure Healing Tea",
    "maxhealthtea.advanced": "Advanced Max Health Tea",
    "maxhealthtea": "Basic Max Health Tea",
    "maxhealthtea.pure": "Pure Max Health Tea",
    "oretea.advanced": "Advanced Ore Tea",
    "oretea": "Basic Ore Tea",
    "oretea.pure": "Pure Ore Tea",
    "radiationremovetea.advanced": "Advanced Rad. Removal Tea",
    "radiationremovetea": "Rad. Removal Tea",
    "radiationremovetea.pure": "Pure Rad. Removal Tea",
    "radiationresisttea.advanced": "Adv. Anti-Rad Tea",
    "radiationresisttea": "Anti-Rad Tea",
    "radiationresisttea.pure": "Pure Anti-Rad Tea",
    "scraptea.advanced": "Advanced Scrap Tea",
    "scraptea": "Basic Scrap Tea",
    "scraptea.pure": "Pure Scrap Tea",
    "woodtea.advanced": "Advanced Wood Tea",
    "woodtea": "Basic Wood Tea",
    "woodtea.pure": "Pure Wood Tea",
    "antiradpills": "Anti-Radiation Pills",
    "tool.binoculars": "Binoculars",
    "explosive.timed": "Timed Explosive Charge",
    "tool.camera": "Camera",
    "rf.detonator": "RF Transmitter",
    "fishingrod.handmade": "Handmade Fishing Rod",
    "flare": "Flare",
    "flashlight.held": "Flashlight",
    "geiger.counter": "Geiger Counter",
    "hosetool": "Hose Tool",
    "jackhammer": "Jackhammer",
    "keycard_blue": "Blue Keycard",
    "keycard_green": "Green Keycard",
    "keycard_red": "Red Keycard",
    "largemedkit": "Large Medkit",
    "map": "Paper Map",
    "syringe.medical": "Medical Syringe",
    "rf_pager": "RF Pager",
    "building.planner": "Building Plan",
    "grenade.smoke": "Smoke Grenade",
    "supply.signal": "Supply Signal",
    "surveycharge": "Survey Charge",
    "wiretool": "Wire Tool",
    "vehicle.chassis.2mod": "Small Chassis",
    "vehicle.chassis.3mod": "Medium Chassis",
    "vehicle.chassis.4mod": "Large Chassis",
    "vehicle.chassis": "Generic vehicle chassis",
    "vehicle.1mod.cockpit": "Cockpit Vehicle Module",
    "vehicle.1mod.cockpit.armored": "Armored Cockpit Vehicle Module",
    "vehicle.1mod.cockpit.with.engine": "Cockpit With Engine Vehicle Module",
    "vehicle.1mod.engine": "Engine Vehicle Module",
    "vehicle.1mod.flatbed": "Flatbed Vehicle Module",
    "vehicle.1mod.passengers.armored": "Armored Passenger Vehicle Module",
    "vehicle.1mod.rear.seats": "Rear Seats Vehicle Module",
    "vehicle.1mod.storage": "Storage Vehicle Module",
    "vehicle.2mod.flatbed": "Large Flatbed Vehicle Module",
    "vehicle.2mod.fuel.tank": "Fuel Tank Vehicle Module",
    "vehicle.2mod.passengers": "Passenger Vehicle Module",
    "vehicle.module": "Generic vehicle module",
    "weapon.mod.8x.scope": "16x Zoom Scope",
    "weapon.mod.flashlight": "Weapon flashlight",
    "weapon.mod.holosight": "Holosight",
    "weapon.mod.lasersight": "Weapon Lasersight",
    "weapon.mod.muzzleboost": "Muzzle Boost",
    "weapon.mod.muzzlebrake": "Muzzle Brake",
    "weapon.mod.simplesight": "Simple Handmade Sight",
    "weapon.mod.silencer": "Silencer",
    "weapon.mod.small.scope": "8x Zoom Scope",
    "rifle.ak": "Assault Rifle",
    "bandage": "Bandage",
    "grenade.beancan": "Beancan Grenade",
    "rifle.bolt": "Bolt Action Rifle",
    "bone.club": "Bone Club",
    "knife.bone": "Bone Knife",
    "bow.hunting": "Hunting Bow",
    "cakefiveyear": "Birthday Cake",
    "chainsaw": "Chainsaw",
    "salvaged.cleaver": "Salvaged Cleaver",
    "bow.compound": "Compound Bow",
    "crossbow": "Crossbow",
    "shotgun.double": "Double Barrel Shotgun",
    "pistol.eoka": "Eoka Pistol",
    "grenade.f1": "F1 Grenade",
    "flamethrower": "Flame Thrower",
    "multiplegrenadelauncher": "Multiple Grenade Launcher",
    "knife.butcher": "Butcher Knife",
    "pitchfork": "Pitchfork",
    "sickle": "Sickle",
    "hammer": "Hammer",
    "hatchet": "Hatchet",
    "knife.combat": "Combat Knife",
    "rifle.l96": "L96 Rifle",
    "rifle.lr300": "LR-300 Assault Rifle",
    "lmg.m249": "M249",
    "rifle.m39": "M39 Rifle",
    "pistol.m92": "M92 Pistol",
    "mace": "Mace",
    "machete": "Machete",
    "smg.mp5": "MP5A4",
    "pistol.nailgun": "Nailgun",
    "paddle": "Paddle",
    "pickaxe": "Pickaxe",
    "shotgun.waterpipe": "Waterpipe Shotgun",
    "pistol.python": "Python Revolver",
    "pistol.revolver": "Revolver",
    "rock": "Rock",
    "rocket.launcher": "Rocket Launcher",
    "axe.salvaged": "Salvaged Axe",
    "hammer.salvaged": "Salvaged Hammer",
    "icepick.salvaged": "Salvaged Icepick",
    "explosive.satchel": "Satchel Charge",
    "shotgun.pump": "Pump Shotgun",
    "pistol.semiauto": "Semi-Automatic Pistol",
    "rifle.semiauto": "Semi-Automatic Rifle",
    "smg.2": "Custom SMG",
    "shotgun.spas12": "Spas-12 Shotgun",
    "stonehatchet": "Stone Hatchet",
    "stone.pickaxe": "Stone Pickaxe",
    "spear.stone": "Stone Spear",
    "longsword": "Longsword",
    "salvaged.sword": "Salvaged Sword",
    "smg.thompson": "Thompson",
    "toolgun": "Garry's Mod Tool Gun",
    "torch": "Torch",
    "bucket.water": "Water Bucket",
    "spear.wooden": "Wooden Spear",
    "horse.armor.roadsign": "Roadsign Horse Armor",
    "horse.armor.wood": "Wooden Horse Armor",
    "horse.saddlebag": "Saddle bag",
    "horse.shoes.advanced": "High Quality Horse Shoes",
    "horse.shoes.basic": "Basic Horse Shoes"
  }
}