{
  "Item Data (Key: Item Shortname, Value: Stacksize)": {
    "hat.wolf": 1,
    "fogmachine": 1,
    "strobelight": 1,
    "kayak": 1,
    "minihelicopter.repair": 1,
    "scraptransportheli.repair": 1,
    "ammo.grenadelauncher.buckshot": 24,
    "ammo.grenadelauncher.he": 12,
    "ammo.grenadelauncher.smoke": 12,
    "arrow.hv": 64,
    "arrow.wooden": 64,
    "arrow.bone": 64,
    "arrow.fire": 64,
    "ammo.handmade.shell": 64,
    "ammo.nailgun.nails": 64,
    "ammo.pistol": 256,
    "ammo.pistol.fire": 256,
    "ammo.pistol.hv": 256,
    "ammo.rifle": 256,
    "ammo.rifle.explosive": 256,
    "ammo.rifle.incendiary": 256,
    "ammo.rifle.hv": 256,
    "ammo.rocket.basic": 10,
    "ammo.rocket.fire": 10,
    "ammo.rocket.hv": 10,
    "ammo.rocket.smoke": 3,
    "ammo.shotgun": 64,
    "ammo.shotgun.fire": 64,
    "ammo.shotgun.slug": 32,
    "door.double.hinged.metal": 1,
    "door.double.hinged.toptier": 1,
    "door.double.hinged.wood": 1,
    "door.hinged.metal": 1,
    "door.hinged.toptier": 1,
    "door.hinged.wood": 1,
    "floor.grill": 1,
    "floor.ladder.hatch": 1,
    "floor.triangle.grill": 1,
    "floor.triangle.ladder.hatch": 1,
    "gates.external.high.stone": 1,
    "gates.external.high.wood": 1,
    "ladder.wooden.wall": 10,
    "wall.external.high.stone": 10,
    "wall.external.high": 10,
    "wall.frame.cell.gate": 1,
    "wall.frame.cell": 1,
    "wall.frame.fence.gate": 1,
    "wall.frame.fence": 1,
    "wall.frame.garagedoor": 1,
    "wall.frame.netting": 5,
    "wall.frame.shopfront": 1,
    "wall.frame.shopfront.metal": 1,
    "wall.window.bars.metal": 10,
    "wall.window.bars.toptier": 10,
    "wall.window.bars.wood": 10,
    "shutter.metal.embrasure.a": 20,
    "shutter.metal.embrasure.b": 20,
    "wall.window.glass.reinforced": 10,
    "shutter.wood.a": 20,
    "watchtower.wood": 10,
    "diving.fins": 1,
    "diving.mask": 1,
    "diving.tank": 1,
    "diving.wetsuit": 1,
    "boots.frog": 1,
    "barrelcostume": 1,
    "cratecostume": 1,
    "burlap.gloves.new": 1,
    "burlap.gloves": 1,
    "roadsign.gloves": 1,
    "tactical.gloves": 1,
    "halloween.mummysuit": 1,
    "scarecrow.suit": 1,
    "scarecrowhead": 1,
    "attire.hide.helterneck": 1,
    "hat.beenie": 1,
    "hat.boonie": 1,
    "bucket.helmet": 1,
    "burlap.headwrap": 1,
    "hat.candle": 1,
    "hat.cap": 1,
    "clatter.helmet": 1,
    "coffeecan.helmet": 1,
    "deer.skull.mask": 1,
    "heavy.plate.helmet": 1,
    "hat.miner": 1,
    "partyhat": 1,
    "riot.helmet": 1,
    "wood.armor.helmet": 1,
    "hoodie": 1,
    "bone.armor.suit": 1,
    "heavy.plate.jacket": 1,
    "jacket.snow": 1,
    "jacket": 1,
    "wood.armor.jacket": 1,
    "mask.balaclava": 1,
    "mask.bandana": 1,
    "metal.facemask": 1,
    "nightvisiongoggles": 1,
    "burlap.trousers": 1,
    "heavy.plate.pants": 1,
    "attire.hide.pants": 1,
    "roadsign.kilt": 1,
    "pants.shorts": 1,
    "wood.armor.pants": 1,
    "pants": 1,
    "attire.hide.poncho": 1,
    "burlap.shirt": 1,
    "shirt.collared": 1,
    "attire.hide.vest": 1,
    "shirt.tanktop": 1,
    "shoes.boots": 1,
    "burlap.shoes": 1,
    "attire.hide.boots": 1,
    "attire.hide.skirt": 1,
    "attire.banditguard": 1,
    "hazmatsuit": 5,
    "hazmatsuit_scientist": 1,
    "hazmatsuit_scientist_peacekeeper": 1,
    "hazmatsuit.spacesuit": 1,
    "scientistsuit_heavy": 1,
    "tshirt.long": 1,
    "tshirt": 1,
    "metal.plate.torso": 1,
    "roadsign.jacket": 1,
    "bleach": 20,
    "ducttape": 20,
    "carburetor1": 5,
    "carburetor2": 5,
    "carburetor3": 5,
    "crankshaft1": 5,
    "crankshaft2": 5,
    "crankshaft3": 5,
    "piston1": 10,
    "piston2": 10,
    "piston3": 10,
    "sparkplug1": 20,
    "sparkplug2": 20,
    "sparkplug3": 20,
    "valve1": 15,
    "valve2": 15,
    "valve3": 15,
    "fuse": 10,
    "gears": 60,
    "glue": 10,
    "metalblade": 20,
    "metalpipe": 60,
    "propanetank": 30,
    "roadsigns": 60,
    "rope": 150,
    "sewingkit": 100,
    "sheetmetal": 20,
    "metalspring": 40,
    "sticks": 100,
    "tarp": 20,
    "techparts": 100,
    "riflebody": 60,
    "semibody": 60,
    "smgbody": 60,
    "barricade.concrete": 10,
    "barricade.wood.cover": 10,
    "barricade.metal": 10,
    "barricade.sandbags": 10,
    "barricade.stone": 10,
    "barricade.wood": 10,
    "barricade.woodwire": 10,
    "bbq": 1,
    "trap.bear": 1,
    "bed": 1,
    "campfire": 1,
    "ceilinglight": 10,
    "chair": 1,
    "composter": 1,
    "computerstation": 1,
    "dropbox": 1,
    "elevator": 1,
    "fireplace.stone": 1,
    "firework.boomer.blue": 20,
    "firework.boomer.champagne": 20,
    "firework.boomer.green": 20,
    "firework.boomer.orange": 20,
    "firework.boomer.red": 20,
    "firework.boomer.violet": 20,
    "firework.romancandle.blue": 20,
    "firework.romancandle.green": 20,
    "firework.romancandle.red": 20,
    "firework.romancandle.violet": 20,
    "firework.volcano": 20,
    "firework.volcano.red": 20,
    "firework.volcano.violet": 20,
    "spikes.floor": 10,
    "fridge": 1,
    "furnace.large": 1,
    "furnace": 5,
    "hitchtroughcombo": 1,
    "habrepair": 1,
    "jackolantern.angry": 1,
    "jackolantern.happy": 1,
    "trap.landmine": 5,
    "lantern": 1,
    "box.wooden.large": 1,
    "water.barrel": 1,
    "locker": 3,
    "mailbox": 1,
    "mixingtable": 1,
    "modularcarlift": 1,
    "mining.pumpjack": 1,
    "small.oil.refinery": 1,
    "planter.large": 10,
    "planter.small": 10,
    "electric.audioalarm": 1,
    "smart.alarm": 1,
    "smart.switch": 1,
    "storage.monitor": 10,
    "electric.battery.rechargable.large": 1,
    "electric.battery.rechargable.medium": 1,
    "electric.battery.rechargable.small": 1,
    "electric.button": 1,
    "electric.counter": 1,
    "electric.hbhfsensor": 1,
    "electric.laserdetector": 1,
    "electric.pressurepad": 1,
    "electric.doorcontroller": 1,
    "electric.heater": 1,
    "fluid.combiner": 1,
    "fluid.splitter": 1,
    "fluid.switch": 1,
    "electric.andswitch": 1,
    "electric.blocker": 1,
    "electrical.branch": 1,
    "electrical.combiner": 1,
    "electrical.memorycell": 1,
    "electric.orswitch": 1,
    "electric.random.switch": 1,
    "electric.rf.broadcaster": 1,
    "electric.rf.receiver": 1,
    "electric.xorswitch": 1,
    "electric.fuelgenerator.small": 1,
    "electric.generator.small": 1,
    "electric.solarpanel.large": 2,
    "electric.igniter": 1,
    "electric.flasherlight": 1,
    "electric.simplelight": 1,
    "electric.sirenlight": 1,
    "powered.water.purifier": 1,
    "electric.switch": 1,
    "electric.splitter": 1,
    "electric.sprinkler": 1,
    "electric.teslacoil": 1,
    "electric.timer": 1,
    "electric.cabletunnel": 1,
    "waterpump": 1,
    "mining.quarry": 1,
    "target.reactive": 1,
    "box.repair.bench": 1,
    "research.table": 1,
    "rug.bear": 5,
    "rug": 5,
    "searchlight": 1,
    "secretlabchair": 1,
    "shelves": 10,
    "sign.hanging.banner.large": 1,
    "sign.hanging": 1,
    "sign.hanging.ornate": 1,
    "sign.pictureframe.landscape": 1,
    "sign.pictureframe.portrait": 1,
    "sign.pictureframe.tall": 1,
    "sign.pictureframe.xl": 1,
    "sign.pictureframe.xxl": 1,
    "sign.pole.banner.large": 1,
    "sign.post.double": 1,
    "sign.post.single": 1,
    "sign.post.town": 1,
    "sign.post.town.roof": 1,
    "sign.wooden.huge": 1,
    "sign.wooden.large": 1,
    "sign.wooden.medium": 1,
    "sign.wooden.small": 1,
    "guntrap": 1,
    "sleepingbag": 1,
    "stash.small": 1,
    "spinner.wheel": 1,
    "fishtrap.small": 1,
    "table": 1,
    "workbench1": 1,
    "workbench2": 1,
    "workbench3": 1,
    "cupboard.tool": 1,
    "tunalight": 1,
    "vending.machine": 1,
    "water.catcher.large": 1,
    "water.catcher.small": 1,
    "water.purifier": 1,
    "generator.wind.scrap": 1,
    "box.wooden": 1,
    "apple": 10,
    "apple.spoiled": 1,
    "black.raspberries": 1,
    "blueberries": 20,
    "botabag": 1,
    "cactusflesh": 10,
    "can.beans": 10,
    "can.tuna": 10,
    "chocholate": 10,
    "fish.cooked": 20,
    "fish.raw": 20,
    "fish.minnows": 10,
    "fish.troutsmall": 10,
    "granolabar": 10,
    "chicken.burned": 20,
    "chicken.cooked": 20,
    "chicken.raw": 20,
    "chicken.spoiled": 20,
    "deermeat.burned": 20,
    "deermeat.cooked": 20,
    "deermeat.raw": 20,
    "horsemeat.burned": 20,
    "horsemeat.cooked": 20,
    "horsemeat.raw": 20,
    "humanmeat.burned": 20,
    "humanmeat.cooked": 20,
    "humanmeat.raw": 20,
    "humanmeat.spoiled": 20,
    "bearmeat.burned": 20,
    "bearmeat.cooked": 20,
    "bearmeat": 20,
    "wolfmeat.burned": 20,
    "wolfmeat.cooked": 20,
    "wolfmeat.raw": 20,
    "wolfmeat.spoiled": 20,
    "meat.pork.burned": 20,
    "meat.pork.cooked": 20,
    "meat.boar": 20,
    "mushroom": 10,
    "jar.pickle": 10,
    "smallwaterbottle": 1,
    "waterjug": 1,
    "fun.bass": 1,
    "fun.cowbell": 1,
    "drumkit": 1,
    "fun.flute": 1,
    "fun.guitar": 1,
    "fun.jerrycanguitar": 1,
    "piano": 1,
    "fun.tambourine": 1,
    "fun.trumpet": 1,
    "fun.tuba": 1,
    "xylophone": 1,
    "car.key": 1,
    "door.key": 1,
    "lock.key": 10,
    "lock.code": 10,
    "blueprintbase": 1000,
    "chineselantern": 1,
    "dragondoorknocker": 1,
    "hat.dragonmask": 1,
    "newyeargong": 1,
    "hat.ratmask": 1,
    "lunar.firecrackers": 5,
    "arcade.machine.chippy": 1,
    "door.closer": 1,
    "attire.bunnyears": 1,
    "attire.bunny.onesie": 1,
    "easterdoorwreath": 1,
    "easterbasket": 1,
    "rustige_egg_a": 1,
    "rustige_egg_b": 1,
    "rustige_egg_c": 1,
    "rustige_egg_d": 1,
    "attire.nesthat": 1,
    "easter.bronzeegg": 10,
    "easter.goldegg": 10,
    "easter.paintedeggs": 1000,
    "easter.silveregg": 10,
    "halloween.candy": 1000,
    "largecandles": 1,
    "smallcandles": 1,
    "coffin.storage": 1,
    "cursedcauldron": 1,
    "gravestone": 1,
    "woodcross": 1,
    "wall.graveyard.fence": 10,
    "halloween.lootbag.large": 10,
    "halloween.lootbag.medium": 10,
    "halloween.lootbag.small": 10,
    "pumpkinbasket": 1,
    "scarecrow": 1,
    "skulldoorknocker": 1,
    "skull_fire_pit": 1,
    "spiderweb": 10,
    "spookyspeaker": 1,
    "halloween.surgeonsuit": 1,
    "note": 1,
    "skull.human": 1,
    "abovegroundpool": 1,
    "beachchair": 1,
    "beachparasol": 1,
    "beachtable": 1,
    "beachtowel": 1,
    "boogieboard": 1,
    "innertube": 1,
    "innertube.horse": 1,
    "innertube.unicorn": 1,
    "tool.instant_camera": 1,
    "paddlingpool": 1,
    "photo": 1,
    "photoframe.landscape": 1,
    "photoframe.large": 1,
    "photoframe.portrait": 1,
    "sunglasses02black": 1,
    "sunglasses02camo": 1,
    "sunglasses02red": 1,
    "sunglasses03black": 1,
    "sunglasses03chrome": 1,
    "sunglasses03gold": 1,
    "sunglasses": 1,
    "gun.water": 1,
    "pistol.water": 1,
    "candycaneclub": 1,
    "xmas.lightstring": 20,
    "xmas.door.garland": 10,
    "candycane": 1,
    "giantcandycanedecor": 1,
    "giantlollipops": 1,
    "pookie.bear": 1,
    "xmas.lightstring.advanced": 150,
    "coal": 1,
    "xmas.present.large": 1,
    "xmas.present.medium": 5,
    "xmas.present.small": 10,
    "snowmachine": 1,
    "snowball": 1,
    "snowman": 1,
    "stocking.large": 1,
    "stocking.small": 5,
    "attire.reindeer.headband": 1,
    "santabeard": 1,
    "santahat": 1,
    "xmas.window.garland": 10,
    "wrappedgift": 1,
    "wrappingpaper": 1,
    "xmasdoorwreath": 1,
    "xmas.decoration.baubels": 1,
    "xmas.decoration.candycanes": 1,
    "xmas.decoration.gingerbreadmen": 1,
    "xmas.decoration.lights": 1,
    "xmas.decoration.pinecone": 1,
    "xmas.decoration.star": 1,
    "xmas.decoration.tinsel": 1,
    "xmas.tree": 1,
    "autoturret": 1,
    "flameturret": 1,
    "gloweyes": 1,
    "ammo.rocket.sam": 1000,
    "samsite": 1,
    "black.berry": 20,
    "clone.black.berry": 50,
    "seed.black.berry": 50,
    "blue.berry": 20,
    "clone.blue.berry": 50,
    "seed.blue.berry": 50,
    "green.berry": 20,
    "clone.green.berry": 50,
    "seed.green.berry": 50,
    "red.berry": 20,
    "clone.red.berry": 50,
    "seed.red.berry": 50,
    "white.berry": 20,
    "clone.white.berry": 50,
    "seed.white.berry": 50,
    "yellow.berry": 20,
    "clone.yellow.berry": 50,
    "seed.yellow.berry": 50,
    "corn": 20,
    "clone.corn": 50,
    "seed.corn": 50,
    "clone.hemp": 50,
    "seed.hemp": 50,
    "potato": 20,
    "clone.potato": 50,
    "seed.potato": 50,
    "pumpkin": 20,
    "clone.pumpkin": 50,
    "seed.pumpkin": 50,
    "fat.animal": 1000,
    "battery.small": 1,
    "blood": 1000,
    "bone.fragments": 1000,
    "cctv.camera": 64,
    "charcoal": 3000,
    "cloth": 3000,
    "crude.oil": 500,
    "diesel_barrel": 20,
    "can.beans.empty": 10,
    "can.tuna.empty": 10,
    "explosives": 100,
    "fertilizer": 1000,
    "gunpowder": 3000,
    "horsedung": 50,
    "hq.metal.ore": 1000,
    "metal.refined": 1000,
    "leather": 3000,
    "lowgradefuel": 1000,
    "metal.fragments": 3000,
    "metal.ore": 3000,
    "paper": 1000,
    "plantfiber": 1000,
    "researchpaper": 1000,
    "water.salt": 2147483647,
    "scrap": 3000,
    "stones": 3000,
    "sulfur.ore": 3000,
    "sulfur": 3000,
    "targeting.computer": 64,
    "water": 2147483647,
    "skull.wolf": 1,
    "wood": 3000,
    "healingtea.advanced": 10,
    "healingtea": 10,
    "healingtea.pure": 10,
    "maxhealthtea.advanced": 10,
    "maxhealthtea": 10,
    "maxhealthtea.pure": 10,
    "oretea.advanced": 10,
    "oretea": 10,
    "oretea.pure": 10,
    "radiationremovetea.advanced": 10,
    "radiationremovetea": 10,
    "radiationremovetea.pure": 10,
    "radiationresisttea.advanced": 10,
    "radiationresisttea": 10,
    "radiationresisttea.pure": 10,
    "scraptea.advanced": 10,
    "scraptea": 10,
    "scraptea.pure": 10,
    "woodtea.advanced": 10,
    "woodtea": 10,
    "woodtea.pure": 10,
    "antiradpills": 10,
    "tool.binoculars": 1,
    "explosive.timed": 10,
    "tool.camera": 1,
    "rf.detonator": 1,
    "fishingrod.handmade": 1,
    "flare": 5,
    "flashlight.held": 1,
    "geiger.counter": 1,
    "hosetool": 1,
    "jackhammer": 1,
    "keycard_blue": 1,
    "keycard_green": 1,
    "keycard_red": 1,
    "largemedkit": 2,
    "map": 1,
    "syringe.medical": 6,
    "rf_pager": 1,
    "building.planner": 1,
    "grenade.smoke": 2,
    "supply.signal": 1,
    "surveycharge": 10,
    "wiretool": 1,
    "vehicle.chassis.2mod": 1,
    "vehicle.chassis.3mod": 1,
    "vehicle.chassis.4mod": 1,
    "vehicle.chassis": 1,
    "vehicle.1mod.cockpit": 1,
    "vehicle.1mod.cockpit.armored": 1,
    "vehicle.1mod.cockpit.with.engine": 1,
    "vehicle.1mod.engine": 1,
    "vehicle.1mod.flatbed": 1,
    "vehicle.1mod.passengers.armored": 1,
    "vehicle.1mod.rear.seats": 1,
    "vehicle.1mod.storage": 1,
    "vehicle.2mod.flatbed": 1,
    "vehicle.2mod.fuel.tank": 1,
    "vehicle.2mod.passengers": 1,
    "vehicle.module": 1,
    "weapon.mod.8x.scope": 1,
    "weapon.mod.flashlight": 1,
    "weapon.mod.holosight": 1,
    "weapon.mod.lasersight": 1,
    "weapon.mod.muzzleboost": 1,
    "weapon.mod.muzzlebrake": 1,
    "weapon.mod.simplesight": 1,
    "weapon.mod.silencer": 1,
    "weapon.mod.small.scope": 1,
    "rifle.ak": 1,
    "bandage": 6,
    "grenade.beancan": 5,
    "rifle.bolt": 1,
    "bone.club": 1,
    "knife.bone": 1,
    "bow.hunting": 1,
    "cakefiveyear": 1,
    "chainsaw": 1,
    "salvaged.cleaver": 1,
    "bow.compound": 1,
    "crossbow": 1,
    "shotgun.double": 1,
    "pistol.eoka": 1,
    "grenade.f1": 5,
    "flamethrower": 1,
    "multiplegrenadelauncher": 1,
    "knife.butcher": 1,
    "pitchfork": 1,
    "sickle": 1,
    "hammer": 1,
    "hatchet": 1,
    "knife.combat": 1,
    "rifle.l96": 1,
    "rifle.lr300": 1,
    "lmg.m249": 1,
    "rifle.m39": 1,
    "pistol.m92": 1,
    "mace": 1,
    "machete": 1,
    "smg.mp5": 1,
    "pistol.nailgun": 1,
    "paddle": 1,
    "pickaxe": 1,
    "shotgun.waterpipe": 1,
    "pistol.python": 1,
    "pistol.revolver": 1,
    "rock": 1,
    "rocket.launcher": 1,
    "axe.salvaged": 1,
    "hammer.salvaged": 1,
    "icepick.salvaged": 1,
    "explosive.satchel": 10,
    "shotgun.pump": 1,
    "pistol.semiauto": 1,
    "rifle.semiauto": 1,
    "smg.2": 1,
    "shotgun.spas12": 1,
    "stonehatchet": 1,
    "stone.pickaxe": 1,
    "spear.stone": 1,
    "longsword": 1,
    "salvaged.sword": 1,
    "smg.thompson": 1,
    "toolgun": 1,
    "torch": 1,
    "bucket.water": 1,
    "spear.wooden": 1,
    "horse.armor.roadsign": 1,
    "horse.armor.wood": 1,
    "horse.saddlebag": 1,
    "horse.shoes.advanced": 1,
    "horse.shoes.basic": 1
  }
}