{
  "itemlist": {
    "Wolf Headdress": 1,
    "Fogger-3000": 1,
    "Strobe Light": 1,
    "MC repair": 1,
    "ScrapTransportHeliRepair": 1,
    "40mm Shotgun Round": 24,
    "40mm HE Grenade": 12,
    "40mm Smoke Grenade": 12,
    "High Velocity Arrow": 64,
    "Wooden Arrow": 64,
    "Bone Arrow": 64,
    "Fire Arrow": 64,
    "Handmade Shell": 64,
    "Nailgun Nails": 64,
    "Pistol Bullet": 256,
    "Incendiary Pistol Bullet": 256,
    "HV Pistol Ammo": 256,
    "5.56 Rifle Ammo": 256,
    "Explosive 5.56 Rifle Ammo": 256,
    "Incendiary 5.56 Rifle Ammo": 256,
    "HV 5.56 Rifle Ammo": 256,
    "Rocket": 10,
    "Incendiary Rocket": 10,
    "High Velocity Rocket": 10,
    "Smoke Rocket WIP!!!!": 3,
    "12 Gauge Buckshot": 64,
    "12 Gauge Incendiary Shell": 64,
    "12 Gauge Slug": 32,
    "Sheet Metal Double Door": 1,
    "Armored Double Door": 1,
    "Wood Double Door": 1,
    "Sheet Metal Door": 1,
    "Armored Door": 1,
    "Wooden Door": 1,
    "Floor grill": 1,
    "Ladder Hatch": 1,
    "Floor triangle grill": 1,
    "Triangle Ladder Hatch": 1,
    "High External Stone Gate": 1,
    "High External Wooden Gate": 1,
    "Wooden Ladder": 10,
    "High External Stone Wall": 10,
    "High External Wooden Wall": 10,
    "Prison Cell Gate": 1,
    "Prison Cell Wall": 1,
    "Chainlink Fence Gate": 1,
    "Chainlink Fence": 1,
    "Garage Door": 1,
    "Netting": 5,
    "Shop Front": 1,
    "Metal Shop Front": 1,
    "Metal Window Bars": 10,
    "Reinforced Window Bars": 10,
    "Wooden Window Bars": 10,
    "Metal horizontal embrasure": 20,
    "Metal Vertical embrasure": 20,
    "Reinforced Glass Window": 10,
    "Wood Shutters": 20,
    "Watch Tower": 10,
    "Diving Fins": 1,
    "Diving Mask": 1,
    "Diving Tank": 1,
    "Wetsuit": 1,
    "Frog Boots": 1,
    "A Barrel Costume": 1,
    "Crate Costume": 1,
    "Burlap Gloves": 1,
    "Leather Gloves": 1,
    "Roadsign Gloves": 1,
    "Tactical Gloves": 1,
    "Mummy Suit": 1,
    "Scarecrow Suit": 1,
    "Scarecrow Wrap": 1,
    "Hide Halterneck": 1,
    "Beenie Hat": 1,
    "Boonie Hat": 1,
    "Bucket Helmet": 1,
    "Burlap Headwrap": 1,
    "Candle Hat": 1,
    "Baseball Cap": 1,
    "Clatter Helmet": 1,
    "Coffee Can Helmet": 1,
    "Bone Helmet": 1,
    "Heavy Plate Helmet": 1,
    "Miners Hat": 1,
    "Party Hat": 1,
    "Riot Helmet": 1,
    "Wood Armor Helmet": 1,
    "Hoodie": 1,
    "Bone Armor": 1,
    "Heavy Plate Jacket": 1,
    "Snow Jacket": 1,
    "Jacket": 1,
    "Wood Chestplate": 1,
    "Improvised Balaclava": 1,
    "Bandana Mask": 1,
    "Metal Facemask": 1,
    "Night Vision Goggles": 1,
    "Burlap Trousers": 1,
    "Heavy Plate Pants": 1,
    "Hide Pants": 1,
    "Road Sign Kilt": 1,
    "Shorts": 1,
    "Wood Armor Pants": 1,
    "Pants": 1,
    "Hide Poncho": 1,
    "Burlap Shirt": 1,
    "Shirt": 1,
    "Hide Vest": 1,
    "Tank Top": 1,
    "Boots": 1,
    "Burlap Shoes": 1,
    "Hide Boots": 1,
    "Hide Skirt": 1,
    "Bandit Guard Gear": 1,
    "Hazmat Suit": 5,
    "Scientist Suit": 1,
    "Heavy Scientist Suit": 1,
    "Longsleeve T-Shirt": 1,
    "T-Shirt": 1,
    "Metal Chest Plate": 1,
    "Road Sign Jacket": 1,
    "Bleach": 20,
    "Duct Tape": 20,
    "Low Quality Carburetor": 5,
    "Medium Quality Carburetor": 5,
    "High Quality Carburetor": 5,
    "Low Quality Crankshaft": 5,
    "Medium Quality Crankshaft": 5,
    "High Quality Crankshaft": 5,
    "Low Quality Pistons": 10,
    "Medium Quality Pistons": 10,
    "High Quality Pistons": 10,
    "Low Quality Spark Plugs": 20,
    "Medium Quality Spark Plugs": 20,
    "High Quality Spark Plugs": 20,
    "Low Quality Valves": 15,
    "Medium Quality Valves": 15,
    "High Quality Valves": 15,
    "Electric Fuse": 10,
    "Gears": 60,
    "Glue": 10,
    "Metal Blade": 20,
    "Metal Pipe": 60,
    "Empty Propane Tank": 30,
    "Road Signs": 60,
    "Rope": 150,
    "Sewing Kit": 100,
    "Sheet Metal": 20,
    "Metal Spring": 40,
    "Sticks": 100,
    "Tarp": 20,
    "Tech Trash": 100,
    "Rifle Body": 60,
    "Semi Automatic Body": 60,
    "SMG Body": 60,
    "Concrete Barricade": 10,
    "Wooden Barricade Cover": 10,
    "Metal Barricade": 10,
    "Sandbag Barricade": 10,
    "Stone Barricade": 10,
    "Wooden Barricade": 10,
    "Barbed Wooden Barricade": 10,
    "Barbeque": 1,
    "Snap Trap": 1,
    "Bed": 1,
    "Camp Fire": 1,
    "Ceiling Light": 10,
    "Chair": 1,
    "Composter": 1,
    "Computer Station": 1,
    "Drop Box": 1,
    "Stone Fireplace": 1,
    "Blue Boomer": 20,
    "Champagne Boomer": 20,
    "Green Boomer": 20,
    "Orange Boomer": 20,
    "Red Boomer": 20,
    "Violet Boomer": 20,
    "Blue Roman Candle": 20,
    "Green Roman Candle": 20,
    "Red Roman Candle": 20,
    "Violet Roman Candle": 20,
    "White Volcano Firework": 20,
    "Red Volcano Firework": 20,
    "Violet Volcano Firework": 20,
    "Wooden Floor Spikes": 10,
    "Fridge": 1,
    "Large Furnace": 1,
    "Furnace": 5,
    "Hitch & Trough": 1,
    "Hab Repair": 1,
    "Jack O Lantern Angry": 1,
    "Jack O Lantern Happy": 1,
    "Land Mine": 5,
    "Lantern": 1,
    "Large Wood Box": 1,
    "Water Barrel": 1,
    "Locker": 3,
    "Mail Box": 1,
    "Mixing Table": 1,
    "Modular Car Lift": 1,
    "Pump Jack": 1,
    "Small Oil Refinery": 1,
    "Large Planter Box": 10,
    "Small Planter Box": 10,
    "Audio Alarm": 1,
    "Smart Alarm": 1,
    "Smart Switch": 1,
    "Large Rechargable Battery": 1,
    "Medium Rechargable Battery": 1,
    "Small Rechargable Battery": 1,
    "Button": 1,
    "Counter": 1,
    "HBHF Sensor": 1,
    "Laser Detector": 1,
    "Pressure Pad": 1,
    "Door Controller": 1,
    "Electric Heater": 1,
    "Fluid Combiner": 1,
    "Fluid Splitter": 1,
    "Fluid Switch & Pump": 1,
    "AND Switch": 1,
    "Blocker": 1,
    "Electrical Branch": 1,
    "Root Combiner": 1,
    "Memory Cell": 1,
    "OR Switch": 1,
    "RAND Switch": 1,
    "RF Broadcaster": 1,
    "RF Receiver": 1,
    "XOR Switch": 1,
    "Small Generator": 1,
    "Test Generator": 1,
    "Large Solar Panel": 2,
    "Igniter": 1,
    "Flasher Light": 1,
    "Simple Light": 1,
    "Siren Light": 1,
    "Powered Water Purifier": 1,
    "Switch": 1,
    "Splitter": 1,
    "Sprinkler": 1,
    "Tesla Coil": 1,
    "Timer": 1,
    "Cable Tunnel": 1,
    "Water Pump": 1,
    "Mining Quarry": 1,
    "Reactive Target": 1,
    "Repair Bench": 1,
    "Research Table": 1,
    "Rug Bear Skin": 5,
    "Rug": 5,
    "Search Light": 1,
    "Salvaged Shelves": 10,
    "Large Banner Hanging": 1,
    "Two Sided Hanging Sign": 1,
    "Two Sided Ornate Hanging Sign": 1,
    "Landscape Picture Frame": 1,
    "Portrait Picture Frame": 1,
    "Tall Picture Frame": 1,
    "XL Picture Frame": 1,
    "XXL Picture Frame": 1,
    "Large Banner on pole": 1,
    "Double Sign Post": 1,
    "Single Sign Post": 1,
    "One Sided Town Sign Post": 1,
    "Two Sided Town Sign Post": 1,
    "Huge Wooden Sign": 1,
    "Large Wooden Sign": 1,
    "Medium Wooden Sign": 1,
    "Small Wooden Sign": 1,
    "Shotgun Trap": 1,
    "Sleeping Bag": 1,
    "Small Stash": 1,
    "Spinning wheel": 1,
    "Survival Fish Trap": 1,
    "Table": 1,
    "Work Bench Level 1": 1,
    "Work Bench Level 2": 1,
    "Work Bench Level 3": 1,
    "Tool Cupboard": 1,
    "Tuna Can Lamp": 1,
    "Vending Machine": 1,
    "Large Water Catcher": 1,
    "Small Water Catcher": 1,
    "Water Purifier": 1,
    "Wind Turbine": 1,
    "Wood Storage Box": 1,
    "Apple": 10,
    "Rotten Apple": 1,
    "Black Raspberries": 1,
    "Blueberries": 20,
    "Bota Bag": 1,
    "Cactus Flesh": 10,
    "Can of Beans": 10,
    "Can of Tuna": 10,
    "Chocolate Bar": 10,
    "Cooked Fish": 20,
    "Raw Fish": 20,
    "Minnows": 10,
    "Small Trout": 10,
    "Granola Bar": 10,
    "Burnt Chicken": 20,
    "Cooked Chicken": 40,
    "Raw Chicken Breast": 40,
    "Spoiled Chicken": 20,
    "Burnt Deer Meat": 20,
    "Cooked Deer Meat": 20,
    "Raw Deer Meat": 20,
    "Burnt Horse Meat": 20,
    "Cooked Horse Meat": 20,
    "Raw Horse Meat": 20,
    "Burnt Human Meat": 20,
    "Cooked Human Meat": 20,
    "Raw Human Meat": 20,
    "Spoiled Human Meat": 20,
    "Burnt Bear Meat": 20,
    "Cooked Bear Meat": 100,
    "Raw Bear Meat": 100,
    "Burnt Wolf Meat": 20,
    "Cooked Wolf Meat": 40,
    "Raw Wolf Meat": 40,
    "Spoiled Wolf Meat": 20,
    "Burnt Pork": 20,
    "Cooked Pork": 40,
    "Raw Pork": 40,
    "Mushroom": 20,
    "Pickles": 10,
    "Small Water Bottle": 1,
    "Water Jug": 1,
    "Shovel Bass": 1,
    "Cowbell": 1,
    "Junkyard Drum Kit": 1,
    "Pan Flute": 1,
    "Acoustic Guitar": 1,
    "Jerry Can Guitar": 1,
    "Wheelbarrow Piano": 1,
    "Canbourine": 1,
    "Plumber's Trumpet": 1,
    "Sousaphone": 1,
    "Xylobone": 1,
    "Car Key": 1,
    "Door Key": 1,
    "Key Lock": 10,
    "Code Lock": 10,
    "Blueprint": 1000,
    "Chinese Lantern": 1,
    "Dragon Door Knocker": 1,
    "Dragon Mask": 1,
    "New Year Gong": 1,
    "Rat Mask": 1,
    "Firecracker String": 5,
    "Chippy Arcade Game": 1,
    "Door Closer": 1,
    "Bunny Ears": 1,
    "Bunny Onesie": 1,
    "Easter Door Wreath": 1,
    "Egg Basket": 1,
    "Rustigé Egg - Red": 1,
    "Rustigé Egg - Blue": 1,
    "Rustigé Egg - Purple": 1,
    "Rustigé Egg - Ivory": 1,
    "Nest Hat": 1,
    "Bronze Egg": 10,
    "Gold Egg": 10,
    "Painted Egg": 1000,
    "Silver Egg": 10,
    "Halloween Candy": 1000,
    "Large Candle Set": 1,
    "Small Candle Set": 1,
    "Coffin": 1,
    "Cursed Cauldron": 1,
    "Gravestone": 1,
    "Wooden Cross": 1,
    "Graveyard Fence": 10,
    "Large Loot Bag": 10,
    "Medium Loot Bag": 10,
    "Small Loot Bag": 10,
    "Pumpkin Bucket": 1,
    "Scarecrow": 1,
    "Skull Door Knocker": 1,
    "Skull Fire Pit": 1,
    "Spider Webs": 10,
    "Spooky Speaker": 1,
    "Surgeon Scrubs": 1,
    "Note": 1,
    "Human Skull": 1,
    "Above Ground Pool": 1,
    "Beach Chair": 1,
    "Beach Parasol": 1,
    "Beach Table": 1,
    "Beach Towel": 1,
    "Boogie Board": 1,
    "Inner Tube": 1,
    "Instant Camera": 1,
    "Paddling Pool": 1,
    "Photograph": 1,
    "Landscape Photo Frame": 1,
    "Large Photo Frame": 1,
    "Portrait Photo Frame": 1,
    "Sunglasses": 1,
    "Water Gun": 1,
    "Water Pistol": 1,
    "Candy Cane Club": 1,
    "Christmas Lights": 20,
    "Festive Doorway Garland": 10,
    "Candy Cane": 1,
    "Giant Candy Decor": 1,
    "Giant Lollipop Decor": 1,
    "Pookie Bear": 1,
    "Deluxe Christmas Lights": 150,
    "Coal :(": 1,
    "Large Present": 1,
    "Medium Present": 5,
    "Small Present": 10,
    "Snow Machine": 1,
    "Snowball": 1,
    "Snowman": 1,
    "SUPER Stocking": 1,
    "Small Stocking": 5,
    "Reindeer Antlers": 1,
    "Santa Beard": 1,
    "Santa Hat": 1,
    "Festive Window Garland": 10,
    "Wrapped Gift": 1,
    "Wrapping Paper": 1,
    "Christmas Door Wreath": 1,
    "Decorative Baubels": 1,
    "Decorative Plastic Candy Canes": 1,
    "Decorative Gingerbread Men": 1,
    "Tree Lights": 1,
    "Decorative Pinecones": 1,
    "Star Tree Topper": 1,
    "Decorative Tinsel": 1,
    "Christmas Tree": 1,
    "Auto Turret": 1,
    "Flame Turret": 1,
    "Glowing Eyes": 1,
    "SAM Ammo": 1000,
    "SAM Site": 1,
    "Black Berry": 20,
    "Black Berry Clone": 50,
    "Black Berry Seed": 50,
    "Blue Berry": 20,
    "Blue Berry Clone": 50,
    "Blue Berry Seed": 50,
    "Green Berry": 20,
    "Green Berry Clone": 50,
    "Green Berry Seed": 50,
    "Red Berry": 20,
    "Red Berry Clone": 50,
    "Red Berry Seed": 50,
    "White Berry": 20,
    "White Berry Clone": 50,
    "White Berry Seed": 50,
    "Yellow Berry": 20,
    "Yellow Berry Clone": 50,
    "Yellow Berry Seed": 50,
    "Corn": 20,
    "Corn Clone": 50,
    "Corn Seed": 50,
    "Hemp Clone": 50,
    "Hemp Seed": 50,
    "Potato": 20,
    "Potato Clone": 50,
    "Potato Seed": 50,
    "Pumpkin": 20,
    "Pumpkin Plant Clone": 50,
    "Pumpkin Seed": 50,
    "Animal Fat": 1000,
    "Battery - Small": 1,
    "Blood": 1000,
    "Bone Fragments": 1000,
    "CCTV Camera": 64,
    "Charcoal": 3000,
    "Cloth": 3000,
    "Crude Oil": 500,
    "Diesel Fuel": 20,
    "Empty Can Of Beans": 10,
    "Empty Tuna Can": 10,
    "Explosives": 100,
    "Fertilizer": 1000,
    "Gun Powder": 3000,
    "Horse Dung": 50,
    "High Quality Metal Ore": 1000,
    "High Quality Metal": 1000,
    "Leather": 3000,
    "Low Grade Fuel": 1000,
    "Metal Fragments": 3000,
    "Metal Ore": 3000,
    "Paper": 1000,
    "Plant Fiber": 1000,
    "Research Paper": 1000,
    "Salt Water": 2147483647,
    "Scrap": 3000,
    "Stones": 3000,
    "Sulfur Ore": 3000,
    "Sulfur": 3000,
    "Targeting Computer": 64,
    "Water": 2147483647,
    "Wolf Skull": 1,
    "Wood": 3000,
    "Advanced Healing Tea": 10,
    "Basic Healing Tea": 10,
    "Pure Healing Tea": 10,
    "Advanced Max Health Tea": 10,
    "Basic Max Health Tea": 10,
    "Pure Max Health Tea": 10,
    "Advanced Ore Tea": 10,
    "Basic Ore Tea": 10,
    "Pure Ore Tea": 10,
    "Advanced Rad. Removal Tea": 10,
    "Rad. Removal Tea": 10,
    "Pure Rad. Removal Tea": 10,
    "Adv. Anti-Rad Tea": 10,
    "Anti-Rad Tea": 10,
    "Pure Anti-Rad Tea": 10,
    "Advanced Scrap Tea": 10,
    "Basic Scrap Tea": 10,
    "Pure Scrap Tea": 10,
    "Advanced Wood Tea": 10,
    "Basic Wood Tea": 10,
    "Pure Wood Tea": 10,
    "Anti-Radiation Pills": 10,
    "Binoculars": 1,
    "Timed Explosive Charge": 10,
    "Camera": 1,
    "RF Transmitter": 1,
    "Handmade Fishing Rod": 1,
    "Flare": 5,
    "Flashlight": 1,
    "Geiger Counter": 1,
    "Hose Tool": 1,
    "Jackhammer": 1,
    "Blue Keycard": 1,
    "Green Keycard": 1,
    "Red Keycard": 1,
    "Large Medkit": 2,
    "Paper Map": 1,
    "Medical Syringe": 6,
    "RF Pager": 1,
    "Building Plan": 1,
    "Smoke Grenade": 2,
    "Supply Signal": 1,
    "Survey Charge": 10,
    "Wire Tool": 1,
    "Small Chassis": 1,
    "Medium Chassis": 1,
    "Large Chassis": 1,
    "Generic vehicle chassis": 1,
    "Cockpit Vehicle Module": 1,
    "Armored Cockpit Vehicle Module": 1,
    "Cockpit With Engine Vehicle Module": 1,
    "Engine Vehicle Module": 1,
    "Flatbed Vehicle Module": 1,
    "Armored Passenger Vehicle Module": 1,
    "Rear Seats Vehicle Module": 1,
    "Storage Vehicle Module": 1,
    "Large Flatbed Vehicle Module": 1,
    "Fuel Tank Vehicle Module": 1,
    "Passenger Vehicle Module": 1,
    "Generic vehicle module": 1,
    "16x Zoom Scope": 1,
    "Weapon flashlight": 1,
    "Holosight": 1,
    "Weapon Lasersight": 1,
    "Muzzle Boost": 1,
    "Muzzle Brake": 1,
    "Simple Handmade Sight": 1,
    "Silencer": 1,
    "8x Zoom Scope": 1,
    "Assault Rifle": 1,
    "Bandage": 6,
    "Beancan Grenade": 5,
    "Bolt Action Rifle": 1,
    "Bone Club": 1,
    "Bone Knife": 1,
    "Hunting Bow": 1,
    "Birthday Cake": 1,
    "Chainsaw": 1,
    "Salvaged Cleaver": 1,
    "Compound Bow": 1,
    "Crossbow": 1,
    "Double Barrel Shotgun": 1,
    "Eoka Pistol": 1,
    "F1 Grenade": 5,
    "Flame Thrower": 1,
    "Multiple Grenade Launcher": 1,
    "Butcher Knife": 1,
    "Pitchfork": 1,
    "Sickle": 1,
    "Hammer": 1,
    "Hatchet": 1,
    "Combat Knife": 1,
    "L96 Rifle": 1,
    "LR-300 Assault Rifle": 1,
    "M249": 1,
    "M39 Rifle": 1,
    "M92 Pistol": 1,
    "Mace": 1,
    "Machete": 1,
    "MP5A4": 1,
    "Nailgun": 1,
    "Pickaxe": 1,
    "Waterpipe Shotgun": 1,
    "Python Revolver": 1,
    "Revolver": 1,
    "Rock": 1,
    "Rocket Launcher": 1,
    "Salvaged Axe": 1,
    "Salvaged Hammer": 1,
    "Salvaged Icepick": 1,
    "Satchel Charge": 10,
    "Pump Shotgun": 1,
    "Semi-Automatic Pistol": 1,
    "Semi-Automatic Rifle": 1,
    "Custom SMG": 1,
    "Spas-12 Shotgun": 1,
    "Stone Hatchet": 1,
    "Stone Pickaxe": 1,
    "Stone Spear": 1,
    "Longsword": 1,
    "Salvaged Sword": 1,
    "Thompson": 1,
    "Garry's Mod Tool Gun": 1,
    "Torch": 1,
    "Water Bucket": 1,
    "Wooden Spear": 1,
    "Roadsign Horse Armor": 1,
    "Wooden Horse Armor": 1,
    "Saddle bag": 1,
    "High Quality Horse Shoes": 1,
    "Basic Horse Shoes": 1,
    "Kayak": 1,
    "Storage Monitor": 10,
    "Paddle": 1,
    "Space Suit": 1,
    "Elevator": 1,
    "Secret Lab Chair": 1
  }
}